Address,Reddit Posts/Comments,Discord Msg's,Wiki Points,Tweets
0x196bd46Fe0b188d699Ed882FF1E2df11DcB03067,0,0,0,0
0xfa8e908e45d7bb97f446f70953538ec062cd114b,0,0,0,0
0xc23f61fa731822f01a96a7d792200f5bd5c86781,0,0,0,0
0x46b5e752b5fd7463073b14f9de473be9f00b7ab8,0,0,0,0
0x7fba3FD5BF95A5A1c4ce7B691F64D94eA89287Fd,0,0,0,0
0x8391c49c43cc0941C7E1B647ed706527d5B792DA,0,0,0,0
0xc6C6fbD76571155E0406510fA0bfE2b4e69B01d4,0,0,0,0
0x8ABe8f92e336E6a0338C39A22522565FA653a890,0,0,0,0
0xf7afa6e15eef0243813376f671fa0c74f357c248,0,0,0,0
0xaaeddee8a8112ffdb798a02ca19a732e1434b6e6,0,0,0,0
0xa299c3291c7d2c038ff117555a9c8a2ab9ba4fb7,0,0,0,0
0x054d45828639707978cc2066586b01c8a2224ecc,0,0,0,0
0xa5025faba6e70b84f74e9b1113e5f7f4e7f4859f,0,0,0,0
0x8b29632da613c694148c6a2cbe42f1cf301f183f,0,0,0,0
0x9eF0d5067b787fAfF7E4E25937C8c0d6bAB1152a,0,0,0,0
0xdb01403c4cde3ef986c87bfa0b102124df67e9c0,0,0,0,0
0xcc7ce27d1058c0a58c2793fb71393af1a4ee79ce,0,0,0,0
0xe5fed348e8374bb04f4fa0de443d466b26e9cb7e,0,817,4,0
0x6fD2e7D2c9E0f84f58c08ffB8eF396836e47d96c,1,1118,0,0
0x03e3361e3e7095b06C113b99c96819B363E2E150,0,0,0,0
0x47a3cacabae27fcc32e8a9cb202e4058eecd699a,2,170,251,3
0xfca0e8779993e4264d51802935bb0ab00a51afc7,0,0,0,0
0x66810c3d8fd14e5485bfaf2879be087be8a8e867,0,0,0,0
0x93dA7c130Bc76568DcA1cD6fe0EEe1EF7d5d245c,5,354,0,0
0x40AF88b7c720cfe67547d6B5F70687D7f7c801F2,0,345,342,0
0x43097640710567E1cD0cF45A8806268113F4D4f1,0,7,0,0
0xc8C618628A66E76fF02adafF9c4D28cfF0Cc00A1,1,11,0,0
0xd7c7544c42153b3168cec8321edf7a77957aaf27,0,2,0,0
0x544d708E5420b52291335c94917FfcfEdC4AC54D,0,77,0,0
0x20C4E1FcACc3529C71BF3af07731634a33a4d0e5,4,46,0,0
0x2B6A5E7705f79AC0129d3F135e2fCe997eBE0480,0,0,0,0
0x13A27956a9D32cAaC01cF9da52F50360Cdd20483,0,496,0,0
0x0816d4d508BaebfA236F91DB4a0Ae7F226D12f99,0,0,0,0
0xdAA8c8E050c4b6D124C06C814c26900eBb08b851,0,32,8,0
0x9090948fB74281f586cC175AA184f9768DcFAaB2,0,134,0,0
0xc3282eA372718b353b4801041fb1c8E4961Ea79F,0,54,0,0
0xfF4ed242c0d3EA7F329eea51F47ea3513795779b,0,0,0,0
0x96A157a7297fA561B0c11f2F297A2A3255000Fc7,0,32,0,0
0x0690deAd67A8C1B6159a8B10b315f2c2Bf5BC845,0,0,0,0
0x4Fe3e8f76636b677f1E203EB0c0A3733e6Ec6020,0,380,0,0
0xd028877f3684cc0ed70ae80cbb100f6f523fc106,0,0,0,0
0xd50355571B0B02a155E8C16e760bE2cC31184394,0,0,0,0
0x1e8aa9abBD73328d57F0A28D2d3c71c4D31C8d44,0,692,0,0
0x6D7241eD4A55DCC58200469F3d13870b3136c03e,0,70,0,0
0x916C357B657CdBb3D9ef2e1f200dbC079Ec5F427,0,179,0,0
0x42984D2cf2f6b6C99D3792bd42E01da5987E6D2d,0,0,0,0
0x090993D7D2F58349B2583070fBaEd0d23a28B927,0,0,0,0
0x15b2A33317a18Cc93bB3A068EE244De3aC2887d0,0,0,0,0
0xef988779b5574fdf9004d0f612a6e88720837336,9,710,0,0
0x9a3bc9ff044f12b92349f9c0e6bae5da8af731c5,0,0,0,0
0x206bf2adea8fe11af0349af5628d48c1acab6cc5,0,0,0,0
,0,0,0,0
0xf2544fb0cc49e27e426cb608ce5317b46c59dccc,0,0,0,0
0xDCc7AfB3B8829b6741c2CA835Ea9fa660fc976af,0,14,0,0
0x54D45828639707978CC2066586b01c8a2224Ecc7,0,174,0,0
0xCbAFC87eF7CbDB7D818a23350Daa5370b6b5fBA1,0,1,0,0
0xB956df9BDB9742acE6bE810f08519C84d032226e,0,8,0,0
0x30001257fbf5aecbe5740c8e1d91559796029054,1,312,0,0
0x54e1FEAB816f7C58f4CA9bC41da3708738E21111,0,0,0,0
0x189749a3dcf516CDd8e67350c1CfAE979F1ccFad,0,0,0,0
0x80a76ba7726d7133ee03d38723a49951656e7c89,0,0,0,0
0x6122eFFA639967A1f9aD7CbDEEFf8Fc869F9A373,0,0,0,0
0xCC5B3fa8993D64Bb8951b85a584d34FF5F82C494,0,100,0,0
0xac5A3031ca69790Ce2170Ce9079148A360fb1388,0,19,0,0
0x1a828c74a16474a38a8a35428dbd2b8de6e9e8b2,0,683,255,0
0xdd7bf21b30bc7f8d91a43c3a395cff6bb12e635f,0,0,0,0
0xf02808a71d7dfdf1b4c0afc2d16ae736d012fac7,0,0,0,0
0x172d64d2e408faacff3a1eae3045b2b5ca7482a1,14,1032,86,0
0x1A4A52Eb4b63A1062caA251f542024B299F48F37,0,0,0,0
0xed66e4D1D82Dd9C1b66eec0AB7A629A39332E526,26,197,0,1
0xDC3D4eDc43F5a909Da14335F9A09C5E3185b88fA,0,827,1985,0
0xa25f6deceb6567e82e62054f38c1a472744ffcbb,6,0,254,0
0xf4f8729e87534Fb927eaD6B079FfEAB1173B193b,0,0,0,0
0x3224C0930Ed84E04E888d9273dE5BACB190c0FC7,0,1,0,0
0x54c04c02ec3f0cc7f1ba409418ef90922e8e6a39,0,5,0,0
0x47070a5738a3c2b59b6e6de4550ac3614a10e9c7,0,1,0,0
0x4557f954dd30e4ca7d96e9fe3572abb4d95ccb18,0,1,0,0
0x104d497eb3a2938A2166805F2373FaA601cDFBa3,0,0,0,0
0x1290a0875523E60fd555a5c4bF46eB046a2aee77,0,226,0,0
0x0a4E7A64d3b07f8B6729dEf33C831aa32F80Eb4E,0,0,0,0
0x2A277Cb0288eE70Ce09CaF79c9F4eea407a9c7E1,1,117,0,0
0x3d57276e13541bd471f2faace11fffcb27ec549c,0,0,0,0
0xDE72451015ea78C63f816b83d7703C9BE676e98c,0,0,0,0
0x7bcdafe0f2c2e92d40585e3db3649a45b51cc002,0,0,0,0
0xD361eA6a6228E9DA01BC8DC26e464bbBa49C9DF1,0,0,0,0
0xc232325815f04dd191c8555215085b72cf9beeff,0,0,0,0
0x40dd8cf7f8fc5403f4c96a8f74fb254da94d3cd4,0,0,0,0
0x78193fb17a55c172166f39dcec233836de1ed24b,0,96,0,0
0x0228e08BD0dCb68106c9c59c8C1723d017eAb97D,1,1140,7923,0
0xd0871b88aec993c995f3268efb379f48d7ef0b57,0,0,0,0
0x9f4024818902a37cfE12c0b269fc3e5daC8EeE09,0,0,0,0
0xC1d1a20F6648a5e42783cEDC866BaBcf4637CF21,0,847,0,0
0xf26c0dbe52db05eb11641021224d6cb7c7ce52d8,0,0,0,0
0x4c64F8C897fF347921a12eA96195523C7cf5Bd1A,0,0,0,0
0x0ba61EcdAF2cCB933CC3B488C8117598Ef0093Cf,0,0,0,0
0xAf5bfE8Dc7DFD7b42B35d9c237356075228Cd711,0,0,0,0
0xe6607807Ec230E9EF91b66DC36c33CC636AB3F96,0,0,0,0
0x14F7B47B03373151c11B38b1c13D95d2e967a324,0,0,0,0
0x9d93011b18E9baA71fe563B83902fEA76C6180E0,0,232,0,0
0xdd865d350ae64b5d0222232ca2c33f779cdea5a2,0,68,0,0
0x940DA3072930E07BA425A2589A41cF4D4E551447,0,175,804,0
0xae59BE528B8A33bA909a037EFf12Fe6496E7528b,94,769,0,0
0x30683dd7f51414d3c53050ece02e8ad5049e2380,6,646,381,0
0x9dA365816D27a4Edd61E32684a2B8b4D7bA212b7,0,2,0,0
0xc237cd2b07d2166b8ccde379947e15c1a060055d,0,0,0,0
0x8e3Bd6a3775322468a2182C7944cBb44FF2Bcab0,0,0,0,0
0x26a074d5c863ff06b0504466c72dd82286d2a8a6,0,0,0,0
0x0edE802D5cBec880Be9EeCacc29A57bE44702069,0,0,0,0
0xf142540cF84E496A1EbE705e8AA72993D1bf64eD,0,0,0,0
0x88e5d5dDFaBc20330b9D1FC132e7d2F11e60EFf8,11,0,0,0
0x3134Ff9AcBA5789df6e9Ce314f11A49953f30639,0,0,0,0
0x0e67f144F514E169d2280f4b7109Ee0E42F90Ccc,0,0,288,0
0x0d5817a19aaFeB587dD6a269257Ef9Eb4289abCd,0,268,12515,0
0x65cFFED9926D512C5424325231c38cB759653523,30,431,781,0
0xA88482f6761d08f7edc50455B25F471794515353,0,0,0,0
0x37142cf5c9d1C9140aFFDbB5cAdf53bC8DBBe7d4,0,0,0,0
0x57cc626a0de7de3f4ec831c49f2a8a70720c0b8a,0,274,0,0
0x07165751AD2722A50a9DAA0C5c7FDFE8a57eD15f,0,0,0,0
0xcB9a6ECA08790161D5955cdB8A9a18b3D7DEB906,0,24,0,0
0xdC6f42f6EF97e4709138e0BaCfBA6373cA2140E1,0,0,0,0
0x925FA1F55830E82DA546bF82553dED3f1Cac4b7c,14,209,0,0
0x49D2B0fBE54203cdE20c636747Cf694ba0f1078D,0,143,327,0
0x586b5899d8f0bc1fe65ad31ea199bc6d709dd701,4,0,0,0
0x183A67e09c820555f2d36C56925e3881477cC2E4,0,108,0,0
0x8efF1c3928db76892BF3Bed3f6Bd44e194688E31,0,0,395,0
0x8858589a1fCF73F1B98233092e03301a2806d07e,1,57,52,0
0xcc5c296eb37ea355199c5dd590407e8842e1d8a6,1,401,0,0
0xD1A2408465ed8E5673407695C2FD1dAD27B91331,0,636,0,0
0xAc610A5f0943a96362202dA1545B7B18e3CB047b,0,0,0,0
0x8b52115CE7c8711dD6548049Cd5adA41a44518Ca,0,23,40,0
0x0df156d9d77dc605973c3c4bf13752b87b61cc85,0,0,0,0
0x7E7Da3976EF90EedCa0f7173164A6Ba55A795995,2,0,0,0
0xdA7dA0050be3480084daC740e439185131A06409,0,36,336,0
0x4D50264d413113469ccD6d5171Aa2507ee2e4c4c,0,265,0,0
0xbf099E7cEE9055Eff9eA88f3fD34C51Dc8aaCcC2,0,0,6343,0
0x5f29B599B2c12d1cBd390CC48E8fDcE3301Bcd74,0,0,0,0
0x42902192cedbd96dedb5708d8385f930179f59d6,0,0,0,0
0x00CA19A08684333a33cCA2dE9e07cB14dC5a0Ce8,0,496,0,0
0xDCb8a5ce4453df4AA046820d77ac87D614fbfEcD,0,2,0,0
0xd7076e1B1281861D967958EF574FBB0f7eE8f9c0,0,0,0,0
0xa3440bebda44c823f1293413a929a5dc23664c41,0,0,2,0
0x170c23Cc5F29209a38547f69C8598043c10AbE44,0,0,0,0
0x41eFCb5cA0e0dD0FB2822E1093Dd1F810A014AF2,0,0,0,0
0x7EBe68deA0c5A438e2171dbe564bA084BFe25D52,0,0,0,0
0xC6F2C690F6C26cEEBb3ccaCC8cE08DC43E977516,0,0,0,0
0xCB20FE69C560292DCF7d769F0eCF6BbF9D9AD3b8,0,0,0,0
0x7781dB23DCe83545D6A2DCa3b2b920508AC8AB52,0,25,0,0
0xd29cf9fc7178ad87bd18302eb139a4ce9c3df5a1,0,0,0,0
0xA0725f1c758A0cAE6B95540D6722d339b56B7Ca7,0,0,0,0
0xe47705c186A4645F10dA2A8715405DdC637c7e44,0,7,0,0
0x82714F48E7BFa803F4Bc8b7eFAc82478E2E20556,0,0,0,0
0x1c579e7a8f68bd7c91d700ad9cfde35bb5710cea,0,0,0,0
0x0CB442d50E9925Ec946A50f9dAb5066883e2d470,0,0,0,0
