"Txhash","Blockno","UnixTimestamp","DateTime","From","To","Quantity","Method"
"0xe081ac1808957305c71424bf170996b07cbc006386cc2ae6365dc6c0b05ef96b","6122292","1641011033","2022-01-01 04:23:53","0x196bd46fe0b188d699ed882ff1e2df11dcb03067","0x7fba3fd5bf95a5a1c4ce7b691f64d94ea89287fd","15,000","Transfer"
"0x98ed7f8935aa8b8b2ad81e5e7dac09333b1438f29a5aa5ebd53263bd9cd8a05a","6138402","1641252698","2022-01-03 23:31:38","0x196bd46fe0b188d699ed882ff1e2df11dcb03067","0x8e3bd6a3775322468a2182c7944cbb44ff2bcab0","0.9","Multisend Token"
"0x98ed7f8935aa8b8b2ad81e5e7dac09333b1438f29a5aa5ebd53263bd9cd8a05a","6138402","1641252698","2022-01-03 23:31:38","0x196bd46fe0b188d699ed882ff1e2df11dcb03067","0x1a4a52eb4b63a1062caa251f542024b299f48f37","0.9","Multisend Token"
"0x98ed7f8935aa8b8b2ad81e5e7dac09333b1438f29a5aa5ebd53263bd9cd8a05a","6138402","1641252698","2022-01-03 23:31:38","0x196bd46fe0b188d699ed882ff1e2df11dcb03067","0xfca0e8779993e4264d51802935bb0ab00a51afc7","2.7","Multisend Token"
"0x98ed7f8935aa8b8b2ad81e5e7dac09333b1438f29a5aa5ebd53263bd9cd8a05a","6138402","1641252698","2022-01-03 23:31:38","0x196bd46fe0b188d699ed882ff1e2df11dcb03067","0x090993d7d2f58349b2583070fbaed0d23a28b927","3.6","Multisend Token"
"0x98ed7f8935aa8b8b2ad81e5e7dac09333b1438f29a5aa5ebd53263bd9cd8a05a","6138402","1641252698","2022-01-03 23:31:38","0x196bd46fe0b188d699ed882ff1e2df11dcb03067","0x0816d4d508baebfa236f91db4a0ae7f226d12f99","4.5","Multisend Token"
"0x98ed7f8935aa8b8b2ad81e5e7dac09333b1438f29a5aa5ebd53263bd9cd8a05a","6138402","1641252698","2022-01-03 23:31:38","0x196bd46fe0b188d699ed882ff1e2df11dcb03067","0x2a277cb0288ee70ce09caf79c9f4eea407a9c7e1","5.4","Multisend Token"
"0x98ed7f8935aa8b8b2ad81e5e7dac09333b1438f29a5aa5ebd53263bd9cd8a05a","6138402","1641252698","2022-01-03 23:31:38","0x196bd46fe0b188d699ed882ff1e2df11dcb03067","0x6fd2e7d2c9e0f84f58c08ffb8ef396836e47d96c","8.1","Multisend Token"
"0x98ed7f8935aa8b8b2ad81e5e7dac09333b1438f29a5aa5ebd53263bd9cd8a05a","6138402","1641252698","2022-01-03 23:31:38","0x196bd46fe0b188d699ed882ff1e2df11dcb03067","0xff4ed242c0d3ea7f329eea51f47ea3513795779b","12.85","Multisend Token"
"0x98ed7f8935aa8b8b2ad81e5e7dac09333b1438f29a5aa5ebd53263bd9cd8a05a","6138402","1641252698","2022-01-03 23:31:38","0x196bd46fe0b188d699ed882ff1e2df11dcb03067","0x3134ff9acba5789df6e9ce314f11a49953f30639","20.71","Multisend Token"
"0x98ed7f8935aa8b8b2ad81e5e7dac09333b1438f29a5aa5ebd53263bd9cd8a05a","6138402","1641252698","2022-01-03 23:31:38","0x196bd46fe0b188d699ed882ff1e2df11dcb03067","0xc8c618628a66e76ff02adaff9c4d28cff0cc00a1","21.61","Multisend Token"
"0x98ed7f8935aa8b8b2ad81e5e7dac09333b1438f29a5aa5ebd53263bd9cd8a05a","6138402","1641252698","2022-01-03 23:31:38","0x196bd46fe0b188d699ed882ff1e2df11dcb03067","0x9090948fb74281f586cc175aa184f9768dcfaab2","27.91","Multisend Token"
"0x98ed7f8935aa8b8b2ad81e5e7dac09333b1438f29a5aa5ebd53263bd9cd8a05a","6138402","1641252698","2022-01-03 23:31:38","0x196bd46fe0b188d699ed882ff1e2df11dcb03067","0xf142540cf84e496a1ebe705e8aa72993d1bf64ed","39.62","Multisend Token"
"0x98ed7f8935aa8b8b2ad81e5e7dac09333b1438f29a5aa5ebd53263bd9cd8a05a","6138402","1641252698","2022-01-03 23:31:38","0x196bd46fe0b188d699ed882ff1e2df11dcb03067","0xcc5b3fa8993d64bb8951b85a584d34ff5f82c494","59.43","Multisend Token"
"0x98ed7f8935aa8b8b2ad81e5e7dac09333b1438f29a5aa5ebd53263bd9cd8a05a","6138402","1641252698","2022-01-03 23:31:38","0x196bd46fe0b188d699ed882ff1e2df11dcb03067","0x206bf2adea8fe11af0349af5628d48c1acab6cc5","61.23","Multisend Token"
"0x98ed7f8935aa8b8b2ad81e5e7dac09333b1438f29a5aa5ebd53263bd9cd8a05a","6138402","1641252698","2022-01-03 23:31:38","0x196bd46fe0b188d699ed882ff1e2df11dcb03067","0xa88482f6761d08f7edc50455b25f471794515353","76.85","Multisend Token"
"0x98ed7f8935aa8b8b2ad81e5e7dac09333b1438f29a5aa5ebd53263bd9cd8a05a","6138402","1641252698","2022-01-03 23:31:38","0x196bd46fe0b188d699ed882ff1e2df11dcb03067","0x54d45828639707978cc2066586b01c8a2224ecc7","107.15","Multisend Token"
"0x98ed7f8935aa8b8b2ad81e5e7dac09333b1438f29a5aa5ebd53263bd9cd8a05a","6138402","1641252698","2022-01-03 23:31:38","0x196bd46fe0b188d699ed882ff1e2df11dcb03067","0x9a3bc9ff044f12b92349f9c0e6bae5da8af731c5","109.85","Multisend Token"
"0x98ed7f8935aa8b8b2ad81e5e7dac09333b1438f29a5aa5ebd53263bd9cd8a05a","6138402","1641252698","2022-01-03 23:31:38","0x196bd46fe0b188d699ed882ff1e2df11dcb03067","0x78193fb17a55c172166f39dcec233836de1ed24b","142.26","Multisend Token"
"0x98ed7f8935aa8b8b2ad81e5e7dac09333b1438f29a5aa5ebd53263bd9cd8a05a","6138402","1641252698","2022-01-03 23:31:38","0x196bd46fe0b188d699ed882ff1e2df11dcb03067","0x172d64d2e408faacff3a1eae3045b2b5ca7482a1","163.27","Multisend Token"
"0x98ed7f8935aa8b8b2ad81e5e7dac09333b1438f29a5aa5ebd53263bd9cd8a05a","6138402","1641252698","2022-01-03 23:31:38","0x196bd46fe0b188d699ed882ff1e2df11dcb03067","0xf02808a71d7dfdf1b4c0afc2d16ae736d012fac7","164.17","Multisend Token"
"0x98ed7f8935aa8b8b2ad81e5e7dac09333b1438f29a5aa5ebd53263bd9cd8a05a","6138402","1641252698","2022-01-03 23:31:38","0x196bd46fe0b188d699ed882ff1e2df11dcb03067","0xaf5bfe8dc7dfd7b42b35d9c237356075228cd711","175.87","Multisend Token"
"0x98ed7f8935aa8b8b2ad81e5e7dac09333b1438f29a5aa5ebd53263bd9cd8a05a","6138402","1641252698","2022-01-03 23:31:38","0x196bd46fe0b188d699ed882ff1e2df11dcb03067","0xe6607807ec230e9ef91b66dc36c33cc636ab3f96","228.28","Multisend Token"
"0x98ed7f8935aa8b8b2ad81e5e7dac09333b1438f29a5aa5ebd53263bd9cd8a05a","6138402","1641252698","2022-01-03 23:31:38","0x196bd46fe0b188d699ed882ff1e2df11dcb03067","0x93da7c130bc76568dca1cd6fe0eee1ef7d5d245c","321.73","Multisend Token"
"0x98ed7f8935aa8b8b2ad81e5e7dac09333b1438f29a5aa5ebd53263bd9cd8a05a","6138402","1641252698","2022-01-03 23:31:38","0x196bd46fe0b188d699ed882ff1e2df11dcb03067","0x40af88b7c720cfe67547d6b5f70687d7f7c801f2","324.02","Multisend Token"
"0x98ed7f8935aa8b8b2ad81e5e7dac09333b1438f29a5aa5ebd53263bd9cd8a05a","6138402","1641252698","2022-01-03 23:31:38","0x196bd46fe0b188d699ed882ff1e2df11dcb03067","0x57cc626a0de7de3f4ec831c49f2a8a70720c0b8a","337.65","Multisend Token"
"0x98ed7f8935aa8b8b2ad81e5e7dac09333b1438f29a5aa5ebd53263bd9cd8a05a","6138402","1641252698","2022-01-03 23:31:38","0x196bd46fe0b188d699ed882ff1e2df11dcb03067","0xdc3d4edc43f5a909da14335f9a09c5e3185b88fa","346.38","Multisend Token"
"0x98ed7f8935aa8b8b2ad81e5e7dac09333b1438f29a5aa5ebd53263bd9cd8a05a","6138402","1641252698","2022-01-03 23:31:38","0x196bd46fe0b188d699ed882ff1e2df11dcb03067","0x13a27956a9d32caac01cf9da52f50360cdd20483","362.86","Multisend Token"
"0x98ed7f8935aa8b8b2ad81e5e7dac09333b1438f29a5aa5ebd53263bd9cd8a05a","6138402","1641252698","2022-01-03 23:31:38","0x196bd46fe0b188d699ed882ff1e2df11dcb03067","0xdaa8c8e050c4b6d124c06c814c26900ebb08b851","490.25","Multisend Token"
"0x98ed7f8935aa8b8b2ad81e5e7dac09333b1438f29a5aa5ebd53263bd9cd8a05a","6138402","1641252698","2022-01-03 23:31:38","0x196bd46fe0b188d699ed882ff1e2df11dcb03067","0x916c357b657cdbb3d9ef2e1f200dbc079ec5f427","622.49","Multisend Token"
"0x98ed7f8935aa8b8b2ad81e5e7dac09333b1438f29a5aa5ebd53263bd9cd8a05a","6138402","1641252698","2022-01-03 23:31:38","0x196bd46fe0b188d699ed882ff1e2df11dcb03067","0xdcc7afb3b8829b6741c2ca835ea9fa660fc976af","641.08","Multisend Token"
"0x98ed7f8935aa8b8b2ad81e5e7dac09333b1438f29a5aa5ebd53263bd9cd8a05a","6138402","1641252698","2022-01-03 23:31:38","0x196bd46fe0b188d699ed882ff1e2df11dcb03067","0xf26c0dbe52db05eb11641021224d6cb7c7ce52d8","680.07","Multisend Token"
"0x98ed7f8935aa8b8b2ad81e5e7dac09333b1438f29a5aa5ebd53263bd9cd8a05a","6138402","1641252698","2022-01-03 23:31:38","0x196bd46fe0b188d699ed882ff1e2df11dcb03067","0xb956df9bdb9742ace6be810f08519c84d032226e","694.78","Multisend Token"
"0x98ed7f8935aa8b8b2ad81e5e7dac09333b1438f29a5aa5ebd53263bd9cd8a05a","6138402","1641252698","2022-01-03 23:31:38","0x196bd46fe0b188d699ed882ff1e2df11dcb03067","0xe5fed348e8374bb04f4fa0de443d466b26e9cb7e","697.57","Multisend Token"
"0x98ed7f8935aa8b8b2ad81e5e7dac09333b1438f29a5aa5ebd53263bd9cd8a05a","6138402","1641252698","2022-01-03 23:31:38","0x196bd46fe0b188d699ed882ff1e2df11dcb03067","0xa25f6deceb6567e82e62054f38c1a472744ffcbb","816.33","Multisend Token"
"0x98ed7f8935aa8b8b2ad81e5e7dac09333b1438f29a5aa5ebd53263bd9cd8a05a","6138402","1641252698","2022-01-03 23:31:38","0x196bd46fe0b188d699ed882ff1e2df11dcb03067","0xcbafc87ef7cbdb7d818a23350daa5370b6b5fba1","1,225.7","Multisend Token"
"0x98ed7f8935aa8b8b2ad81e5e7dac09333b1438f29a5aa5ebd53263bd9cd8a05a","6138402","1641252698","2022-01-03 23:31:38","0x196bd46fe0b188d699ed882ff1e2df11dcb03067","0xed66e4d1d82dd9c1b66eec0ab7a629a39332e526","1,251.28","Multisend Token"
"0x98ed7f8935aa8b8b2ad81e5e7dac09333b1438f29a5aa5ebd53263bd9cd8a05a","6138402","1641252698","2022-01-03 23:31:38","0x196bd46fe0b188d699ed882ff1e2df11dcb03067","0x0228e08bd0dcb68106c9c59c8c1723d017eab97d","1,573.15","Multisend Token"
"0x98ed7f8935aa8b8b2ad81e5e7dac09333b1438f29a5aa5ebd53263bd9cd8a05a","6138402","1641252698","2022-01-03 23:31:38","0x196bd46fe0b188d699ed882ff1e2df11dcb03067","0x4fe3e8f76636b677f1e203eb0c0a3733e6ec6020","1,605.39","Multisend Token"
"0x98ed7f8935aa8b8b2ad81e5e7dac09333b1438f29a5aa5ebd53263bd9cd8a05a","6138402","1641252698","2022-01-03 23:31:38","0x196bd46fe0b188d699ed882ff1e2df11dcb03067","0xc1d1a20f6648a5e42783cedc866babcf4637cf21","1,768.18","Multisend Token"
"0x98ed7f8935aa8b8b2ad81e5e7dac09333b1438f29a5aa5ebd53263bd9cd8a05a","6138402","1641252698","2022-01-03 23:31:38","0x196bd46fe0b188d699ed882ff1e2df11dcb03067","0x65cffed9926d512c5424325231c38cb759653523","1,916.57","Multisend Token"
"0x98ed7f8935aa8b8b2ad81e5e7dac09333b1438f29a5aa5ebd53263bd9cd8a05a","6138402","1641252698","2022-01-03 23:31:38","0x196bd46fe0b188d699ed882ff1e2df11dcb03067","0x1290a0875523e60fd555a5c4bf46eb046a2aee77","2,660.47","Multisend Token"
"0x98ed7f8935aa8b8b2ad81e5e7dac09333b1438f29a5aa5ebd53263bd9cd8a05a","6138402","1641252698","2022-01-03 23:31:38","0x196bd46fe0b188d699ed882ff1e2df11dcb03067","0xc3282ea372718b353b4801041fb1c8e4961ea79f","2,731.8","Multisend Token"
"0x98ed7f8935aa8b8b2ad81e5e7dac09333b1438f29a5aa5ebd53263bd9cd8a05a","6138402","1641252698","2022-01-03 23:31:38","0x196bd46fe0b188d699ed882ff1e2df11dcb03067","0xae59be528b8a33ba909a037eff12fe6496e7528b","9,495.1","Multisend Token"
"0xfa414527b8b71448c94a34980be69144c8a754513465cd7f76bb6007bb9178b7","6161645","1641601384","2022-01-08 00:23:04","0x196bd46fe0b188d699ed882ff1e2df11dcb03067","0x7fba3fd5bf95a5a1c4ce7b691f64d94ea89287fd","15,000","Transfer"
"0x5b325446337c9c7a72c276b5c138df6eac6f31fd10f77e0cb51085faf3f2797e","6202351","1642212029","2022-01-15 02:00:29","0x196bd46fe0b188d699ed882ff1e2df11dcb03067","0xd361ea6a6228e9da01bc8dc26e464bbba49c9df1","150","Transfer"
"0x1aa73876c857dbedecd6cc92e670056e4729ccc03a8991892506568b2e09e677","6202353","1642212059","2022-01-15 02:00:59","0x196bd46fe0b188d699ed882ff1e2df11dcb03067","0xf4f8729e87534fb927ead6b079ffeab1173b193b","150","Transfer"
"0x9a29faa97a706da68ee28895834418ea08bf29ad7f880bf36a08ca8daa864350","6202355","1642212089","2022-01-15 02:01:29","0x196bd46fe0b188d699ed882ff1e2df11dcb03067","0x15b2a33317a18cc93bb3a068ee244de3ac2887d0","150","Transfer"
"0xf1dfd4048bb12af32f2aecf9a5d4941051d3f1224801ff0630c41da258ad72f6","6202357","1642212119","2022-01-15 02:01:59","0x196bd46fe0b188d699ed882ff1e2df11dcb03067","0xaf355d88aad92f481ac07cfd5e457d632ce32ede","150","Transfer"
"0xc84a61fb1c0baf1b0e40171c7b8b60f266c1ceaa4ba7a1ba56fbba1513a1f84b","6202365","1642212239","2022-01-15 02:03:59","0x196bd46fe0b188d699ed882ff1e2df11dcb03067","0xaf5bfe8dc7dfd7b42b35d9c237356075228cd711","150","Transfer"
"0x2b0ae0760182a92477510bfbc82d8d4405487c3eaa16bbcc82b4887da722b1f3","6258746","1643058026","2022-01-24 21:00:26","0x196bd46fe0b188d699ed882ff1e2df11dcb03067","0xb956df9bdb9742ace6be810f08519c84d032226e","100","Transfer"
"0xd796b5cbd77de2d46f43afca0de779f5a4a0e93ee251e4bd78e420bd479e2f99","6289309","1643516545","2022-01-30 04:22:25","0x196bd46fe0b188d699ed882ff1e2df11dcb03067","0x9da365816d27a4edd61e32684a2b8b4d7ba212b7","150","Transfer"
"0x2cbb44fdcdbb528fe9855c3ba82838d9875adefbffb8f501d4a44e17f31a0b59","6289336","1643516950","2022-01-30 04:29:10","0x196bd46fe0b188d699ed882ff1e2df11dcb03067","0x3d57276e13541bd471f2faace11fffcb27ec549c","150","Transfer"
"0xa7e33861b12221a9d49bd7668821724fd2f2f8478fd2f85ad841d6ed9844a175","6289344","1643517070","2022-01-30 04:31:10","0x196bd46fe0b188d699ed882ff1e2df11dcb03067","0xc237cd2b07d2166b8ccde379947e15c1a060055d","150","Transfer"
