"Txhash","Blockno","UnixTimestamp","DateTime","From","To","Quantity","Method"
"0x3e75d4848492f345aad602043028a0e211860f2282cd311a3bf4c630084514b9","5763455","1635626112","2021-10-30 20:35:12","0x0000000000000000000000000000000000000000","0x196bd46fe0b188d699ed882ff1e2df11dcb03067","16161616","-"
"0x5c3e46bba9d3cf5a5ee5d4e913ec0a5c5d6b36595542f75e56177ebc05b6e7ea","5763608","1635628409","2021-10-30 21:13:29","0x196bd46fe0b188d699ed882ff1e2df11dcb03067","0xcbafc87ef7cbdb7d818a23350daa5370b6b5fba1","1","Transfer"
"0xc8858f6186eabe2bac1aa96ce63dbed69ef0407eec220e6f61fe1d565a3eaefc","5763649","1635629024","2021-10-30 21:23:44","0x196bd46fe0b188d699ed882ff1e2df11dcb03067","0xcbafc87ef7cbdb7d818a23350daa5370b6b5fba1","4","Transfer"
"0xcdf468949c16c8b5416fdc6b1cb7dbe6021e5ac528ad7bb826dddeb5d5b9a416","5763989","1635634127","2021-10-30 22:48:47","0x196bd46fe0b188d699ed882ff1e2df11dcb03067","0x9a3bc9ff044f12b92349f9c0e6bae5da8af731c5","5","Transfer"
"0xdc0fea5c40726cef34d716bf386b01cda0e2e8507f20081acd883e1910681948","5776095","1635815878","2021-11-02 01:17:58","0x196bd46fe0b188d699ed882ff1e2df11dcb03067","0x6fd2e7d2c9e0f84f58c08ffb8ef396836e47d96c","400","Multisend Token"
"0xdc0fea5c40726cef34d716bf386b01cda0e2e8507f20081acd883e1910681948","5776095","1635815878","2021-11-02 01:17:58","0x196bd46fe0b188d699ed882ff1e2df11dcb03067","0xea21f784aa12c300c6d3b9ef6d34c86221731d7e","400","Multisend Token"
"0xdc0fea5c40726cef34d716bf386b01cda0e2e8507f20081acd883e1910681948","5776095","1635815878","2021-11-02 01:17:58","0x196bd46fe0b188d699ed882ff1e2df11dcb03067","0xc1d1a20f6648a5e42783cedc866babcf4637cf21","400","Multisend Token"
"0xdc0fea5c40726cef34d716bf386b01cda0e2e8507f20081acd883e1910681948","5776095","1635815878","2021-11-02 01:17:58","0x196bd46fe0b188d699ed882ff1e2df11dcb03067","0x93da7c130bc76568dca1cd6fe0eee1ef7d5d245c","400","Multisend Token"
"0xdc0fea5c40726cef34d716bf386b01cda0e2e8507f20081acd883e1910681948","5776095","1635815878","2021-11-02 01:17:58","0x196bd46fe0b188d699ed882ff1e2df11dcb03067","0xb956df9bdb9742ace6be810f08519c84d032226e","400","Multisend Token"
"0xdc0fea5c40726cef34d716bf386b01cda0e2e8507f20081acd883e1910681948","5776095","1635815878","2021-11-02 01:17:58","0x196bd46fe0b188d699ed882ff1e2df11dcb03067","0x4fe3e8f76636b677f1e203eb0c0a3733e6ec6020","400","Multisend Token"
"0xdc0fea5c40726cef34d716bf386b01cda0e2e8507f20081acd883e1910681948","5776095","1635815878","2021-11-02 01:17:58","0x196bd46fe0b188d699ed882ff1e2df11dcb03067","0x78193fb17a55c172166f39dcec233836de1ed24b","400","Multisend Token"
"0xdc0fea5c40726cef34d716bf386b01cda0e2e8507f20081acd883e1910681948","5776095","1635815878","2021-11-02 01:17:58","0x196bd46fe0b188d699ed882ff1e2df11dcb03067","0x13a27956a9d32caac01cf9da52f50360cdd20483","400","Multisend Token"
"0xdc0fea5c40726cef34d716bf386b01cda0e2e8507f20081acd883e1910681948","5776095","1635815878","2021-11-02 01:17:58","0x196bd46fe0b188d699ed882ff1e2df11dcb03067","0xff4ed242c0d3ea7f329eea51f47ea3513795779b","400","Multisend Token"
"0xdc0fea5c40726cef34d716bf386b01cda0e2e8507f20081acd883e1910681948","5776095","1635815878","2021-11-02 01:17:58","0x196bd46fe0b188d699ed882ff1e2df11dcb03067","0xa25f6deceb6567e82e62054f38c1a472744ffcbb","400","Multisend Token"
"0xdc0fea5c40726cef34d716bf386b01cda0e2e8507f20081acd883e1910681948","5776095","1635815878","2021-11-02 01:17:58","0x196bd46fe0b188d699ed882ff1e2df11dcb03067","0x4c64f8c897ff347921a12ea96195523c7cf5bd1a","400","Multisend Token"
"0xdc0fea5c40726cef34d716bf386b01cda0e2e8507f20081acd883e1910681948","5776095","1635815878","2021-11-02 01:17:58","0x196bd46fe0b188d699ed882ff1e2df11dcb03067","0xed66e4d1d82dd9c1b66eec0ab7a629a39332e526","400","Multisend Token"
"0xdc0fea5c40726cef34d716bf386b01cda0e2e8507f20081acd883e1910681948","5776095","1635815878","2021-11-02 01:17:58","0x196bd46fe0b188d699ed882ff1e2df11dcb03067","0xf02808a71d7dfdf1b4c0afc2d16ae736d012fac7","400","Multisend Token"
"0xdc0fea5c40726cef34d716bf386b01cda0e2e8507f20081acd883e1910681948","5776095","1635815878","2021-11-02 01:17:58","0x196bd46fe0b188d699ed882ff1e2df11dcb03067","0x9a3bc9ff044f12b92349f9c0e6bae5da8af731c5","400","Multisend Token"
"0xdc0fea5c40726cef34d716bf386b01cda0e2e8507f20081acd883e1910681948","5776095","1635815878","2021-11-02 01:17:58","0x196bd46fe0b188d699ed882ff1e2df11dcb03067","0x0228e08bd0dcb68106c9c59c8c1723d017eab97d","400","Multisend Token"
"0xdc0fea5c40726cef34d716bf386b01cda0e2e8507f20081acd883e1910681948","5776095","1635815878","2021-11-02 01:17:58","0x196bd46fe0b188d699ed882ff1e2df11dcb03067","0xcbafc87ef7cbdb7d818a23350daa5370b6b5fba1","400","Multisend Token"
"0xdc0fea5c40726cef34d716bf386b01cda0e2e8507f20081acd883e1910681948","5776095","1635815878","2021-11-02 01:17:58","0x196bd46fe0b188d699ed882ff1e2df11dcb03067","0xae59be528b8a33ba909a037eff12fe6496e7528b","400","Multisend Token"
"0x1bceed29423347d7abafdd7091efc3f53ba51fc233a68539beb3fbc2bbce7180","5776677","1635824610","2021-11-02 03:43:30","0xb956df9bdb9742ace6be810f08519c84d032226e","0x4fe3e8f76636b677f1e203eb0c0a3733e6ec6020","100","Transfer"
"0x3f881f695a47b9ff3c77a79a071bec87b2642d0b0edb6723668e9977c39057c3","5787004","1635979593","2021-11-03 22:46:33","0x196bd46fe0b188d699ed882ff1e2df11dcb03067","0xd148d66083e3a03685ca39b289e75df7f104423f","400","Transfer"
"0xc3d820f2af056b30e9cdb69d26a3668cdd26b0fef5095d336600498ae8550600","5787005","1635979608","2021-11-03 22:46:48","0x196bd46fe0b188d699ed882ff1e2df11dcb03067","0xd028877f3684cc0ed70ae80cbb100f6f523fc106","400","Transfer"
"0xd3e9c8508c19c47208d18e78da6dbfaf373efe4e9125458df87fb363c4b580c5","5787525","1635987408","2021-11-04 00:56:48","0x196bd46fe0b188d699ed882ff1e2df11dcb03067","0xa88482f6761d08f7edc50455b25f471794515353","400","Transfer"
"0xdb8dcce98bfe331b6702ac1f13527884defc6180b77ccb1f93e46c142307d545","5787527","1635987438","2021-11-04 00:57:18","0x196bd46fe0b188d699ed882ff1e2df11dcb03067","0xc3282ea372718b353b4801041fb1c8e4961ea79f","400","Transfer"
"0x06b872162ec463d4bb7c204c3e84813094faf528b6904bf49f65c6f7671ee1b5","5787530","1635987483","2021-11-04 00:58:03","0x196bd46fe0b188d699ed882ff1e2df11dcb03067","0xc8c618628a66e76ff02adaff9c4d28cff0cc00a1","400","Transfer"
"0x1cb140ceabaac6d47b8e0d4340078588e85e0d0f16f602f3b4e4df144b3f210f","5787533","1635987528","2021-11-04 00:58:48","0x196bd46fe0b188d699ed882ff1e2df11dcb03067","0x57cc626a0de7de3f4ec831c49f2a8a70720c0b8a","400","Transfer"
"0xfd69be15dfd20140901f48dca6c77a30de89fa248b4e5c993f7474630a774116","5788629","1636003972","2021-11-04 05:32:52","0x196bd46fe0b188d699ed882ff1e2df11dcb03067","0x43097640710567e1cd0cf45a8806268113f4d4f1","400","Transfer"
"0x804e0e6c69d8f52463e8efe40dc98d9e5363d9597596451c4e6c53037c809a8f","5793464","1636076522","2021-11-05 01:42:02","0xea21f784aa12c300c6d3b9ef6d34c86221731d7e","0xaaeddee8a8112ffdb798a02ca19a732e1434b6e6","400","Transfer"
"0x2a16fd93876459a13072bcbad7e6b9d9f8b0f445e59b89bbb0eeba143c75d075","5793669","1636079597","2021-11-05 02:33:17","0x196bd46fe0b188d699ed882ff1e2df11dcb03067","0xfca0e8779993e4264d51802935bb0ab00a51afc7","400","Transfer"
"0xdac208354a17427f9973c42167f8ab75c869d48d51cbfa9e2fac75026aa37d1e","5797536","1636137636","2021-11-05 18:40:36","0x196bd46fe0b188d699ed882ff1e2df11dcb03067","0xd0871b88aec993c995f3268efb379f48d7ef0b57","400","Transfer"
"0x097385b287b69087723e09e12289c31d1561712c7717bf7de79c42684c42b2d3","5797556","1636137936","2021-11-05 18:45:36","0x196bd46fe0b188d699ed882ff1e2df11dcb03067","0xf142540cf84e496a1ebe705e8aa72993d1bf64ed","400","Transfer"
"0x66042da0aa0786a836e80a91a2e0d7dbce54f01e34abecf812404b4d5d40895b","5798190","1636147448","2021-11-05 21:24:08","0x196bd46fe0b188d699ed882ff1e2df11dcb03067","0xae59be528b8a33ba909a037eff12fe6496e7528b","12,498.48","-"
"0x66042da0aa0786a836e80a91a2e0d7dbce54f01e34abecf812404b4d5d40895b","5798190","1636147448","2021-11-05 21:24:08","0x196bd46fe0b188d699ed882ff1e2df11dcb03067","0xed66e4d1d82dd9c1b66eec0ab7a629a39332e526","8,590.27","-"
"0x66042da0aa0786a836e80a91a2e0d7dbce54f01e34abecf812404b4d5d40895b","5798190","1636147448","2021-11-05 21:24:08","0x196bd46fe0b188d699ed882ff1e2df11dcb03067","0x4fe3e8f76636b677f1e203eb0c0a3733e6ec6020","3,394.76","-"
"0x66042da0aa0786a836e80a91a2e0d7dbce54f01e34abecf812404b4d5d40895b","5798190","1636147448","2021-11-05 21:24:08","0x196bd46fe0b188d699ed882ff1e2df11dcb03067","0x0228e08bd0dcb68106c9c59c8c1723d017eab97d","2,978.94","-"
"0x66042da0aa0786a836e80a91a2e0d7dbce54f01e34abecf812404b4d5d40895b","5798190","1636147448","2021-11-05 21:24:08","0x196bd46fe0b188d699ed882ff1e2df11dcb03067","0xcbafc87ef7cbdb7d818a23350daa5370b6b5fba1","2,685.83","-"
"0x66042da0aa0786a836e80a91a2e0d7dbce54f01e34abecf812404b4d5d40895b","5798190","1636147448","2021-11-05 21:24:08","0x196bd46fe0b188d699ed882ff1e2df11dcb03067","0xff4ed242c0d3ea7f329eea51f47ea3513795779b","2,000.67","-"
"0x66042da0aa0786a836e80a91a2e0d7dbce54f01e34abecf812404b4d5d40895b","5798190","1636147448","2021-11-05 21:24:08","0x196bd46fe0b188d699ed882ff1e2df11dcb03067","0x93da7c130bc76568dca1cd6fe0eee1ef7d5d245c","1,983.36","-"
"0x66042da0aa0786a836e80a91a2e0d7dbce54f01e34abecf812404b4d5d40895b","5798190","1636147448","2021-11-05 21:24:08","0x196bd46fe0b188d699ed882ff1e2df11dcb03067","0xc1d1a20f6648a5e42783cedc866babcf4637cf21","1,782.69","-"
"0x66042da0aa0786a836e80a91a2e0d7dbce54f01e34abecf812404b4d5d40895b","5798190","1636147448","2021-11-05 21:24:08","0x196bd46fe0b188d699ed882ff1e2df11dcb03067","0xc3282ea372718b353b4801041fb1c8e4961ea79f","1,514.77","-"
"0x66042da0aa0786a836e80a91a2e0d7dbce54f01e34abecf812404b4d5d40895b","5798190","1636147448","2021-11-05 21:24:08","0x196bd46fe0b188d699ed882ff1e2df11dcb03067","0x13a27956a9d32caac01cf9da52f50360cdd20483","1,514.77","-"
"0x66042da0aa0786a836e80a91a2e0d7dbce54f01e34abecf812404b4d5d40895b","5798190","1636147448","2021-11-05 21:24:08","0x196bd46fe0b188d699ed882ff1e2df11dcb03067","0x57cc626a0de7de3f4ec831c49f2a8a70720c0b8a","1,514.77","-"
"0x66042da0aa0786a836e80a91a2e0d7dbce54f01e34abecf812404b4d5d40895b","5798190","1636147448","2021-11-05 21:24:08","0x196bd46fe0b188d699ed882ff1e2df11dcb03067","0xb956df9bdb9742ace6be810f08519c84d032226e","1,226.24","-"
"0x66042da0aa0786a836e80a91a2e0d7dbce54f01e34abecf812404b4d5d40895b","5798190","1636147448","2021-11-05 21:24:08","0x196bd46fe0b188d699ed882ff1e2df11dcb03067","0x43097640710567e1cd0cf45a8806268113f4d4f1","1,011.59","-"
"0x66042da0aa0786a836e80a91a2e0d7dbce54f01e34abecf812404b4d5d40895b","5798190","1636147448","2021-11-05 21:24:08","0x196bd46fe0b188d699ed882ff1e2df11dcb03067","0xd148d66083e3a03685ca39b289e75df7f104423f","697.53","-"
"0x66042da0aa0786a836e80a91a2e0d7dbce54f01e34abecf812404b4d5d40895b","5798190","1636147448","2021-11-05 21:24:08","0x196bd46fe0b188d699ed882ff1e2df11dcb03067","0x6fd2e7d2c9e0f84f58c08ffb8ef396836e47d96c","453.23","-"
"0x66042da0aa0786a836e80a91a2e0d7dbce54f01e34abecf812404b4d5d40895b","5798190","1636147448","2021-11-05 21:24:08","0x196bd46fe0b188d699ed882ff1e2df11dcb03067","0x78193fb17a55c172166f39dcec233836de1ed24b","416.18","-"
"0x66042da0aa0786a836e80a91a2e0d7dbce54f01e34abecf812404b4d5d40895b","5798190","1636147448","2021-11-05 21:24:08","0x196bd46fe0b188d699ed882ff1e2df11dcb03067","0xa88482f6761d08f7edc50455b25f471794515353","335.77","-"
"0x66042da0aa0786a836e80a91a2e0d7dbce54f01e34abecf812404b4d5d40895b","5798190","1636147448","2021-11-05 21:24:08","0x196bd46fe0b188d699ed882ff1e2df11dcb03067","0xc8c618628a66e76ff02adaff9c4d28cff0cc00a1","315.45","-"
"0x66042da0aa0786a836e80a91a2e0d7dbce54f01e34abecf812404b4d5d40895b","5798190","1636147448","2021-11-05 21:24:08","0x196bd46fe0b188d699ed882ff1e2df11dcb03067","0xd028877f3684cc0ed70ae80cbb100f6f523fc106","295.38","-"
"0x66042da0aa0786a836e80a91a2e0d7dbce54f01e34abecf812404b4d5d40895b","5798190","1636147448","2021-11-05 21:24:08","0x196bd46fe0b188d699ed882ff1e2df11dcb03067","0xf142540cf84e496a1ebe705e8aa72993d1bf64ed","282.76","-"
"0x66042da0aa0786a836e80a91a2e0d7dbce54f01e34abecf812404b4d5d40895b","5798190","1636147448","2021-11-05 21:24:08","0x196bd46fe0b188d699ed882ff1e2df11dcb03067","0xd0871b88aec993c995f3268efb379f48d7ef0b57","254.99","-"
"0x66042da0aa0786a836e80a91a2e0d7dbce54f01e34abecf812404b4d5d40895b","5798190","1636147448","2021-11-05 21:24:08","0x196bd46fe0b188d699ed882ff1e2df11dcb03067","0xea21f784aa12c300c6d3b9ef6d34c86221731d7e","184.55","-"
"0x66042da0aa0786a836e80a91a2e0d7dbce54f01e34abecf812404b4d5d40895b","5798190","1636147448","2021-11-05 21:24:08","0x196bd46fe0b188d699ed882ff1e2df11dcb03067","0xa25f6deceb6567e82e62054f38c1a472744ffcbb","112.01","-"
"0x66042da0aa0786a836e80a91a2e0d7dbce54f01e34abecf812404b4d5d40895b","5798190","1636147448","2021-11-05 21:24:08","0x196bd46fe0b188d699ed882ff1e2df11dcb03067","0x9a3bc9ff044f12b92349f9c0e6bae5da8af731c5","108.56","-"
"0x66042da0aa0786a836e80a91a2e0d7dbce54f01e34abecf812404b4d5d40895b","5798190","1636147448","2021-11-05 21:24:08","0x196bd46fe0b188d699ed882ff1e2df11dcb03067","0x4c64f8c897ff347921a12ea96195523c7cf5bd1a","90.67","-"
"0x8e0f6671c0786b1dd698149a57fe47878c13fe6425b67dd6758741193bd28a8a","5799951","1636173866","2021-11-06 04:44:26","0x93da7c130bc76568dca1cd6fe0eee1ef7d5d245c","0xc1d1a20f6648a5e42783cedc866babcf4637cf21","500","Transfer"
"0x6ee3981d1285069a967bbb60bac1112b8161b46caecbad6502c42c1a56a47a4d","5803100","1636221110","2021-11-06 17:51:50","0x196bd46fe0b188d699ed882ff1e2df11dcb03067","0xfca0e8779993e4264d51802935bb0ab00a51afc7","184.55","Transfer"
"0xa3226a8db0976d60a2efe9d631ca7660718436d491eea5df7a6c62662c99b6e5","5815257","1636403491","2021-11-08 20:31:31","0x196bd46fe0b188d699ed882ff1e2df11dcb03067","0xc23f61fa731822f01a96a7d792200f5bd5c86781","2","Transfer"
"0xb9bd4ac2a71d03c37c95d44cc09caffb052d69d5f8841409ceae36ce10ecb010","5816180","1636417336","2021-11-09 00:22:16","0x196bd46fe0b188d699ed882ff1e2df11dcb03067","0x7fba3fd5bf95a5a1c4ce7b691f64d94ea89287fd","2","Transfer"
"0xc73072928b72e840b7ff326701dd1ec6c48d01fc10fb76056d17b14018f32d00","5816206","1636417726","2021-11-09 00:28:46","0x196bd46fe0b188d699ed882ff1e2df11dcb03067","0x7fba3fd5bf95a5a1c4ce7b691f64d94ea89287fd","19,998","Transfer"
"0x8b1526ab3fb5926414032257d83a6c021e878c0b1ff7b0bdf60005099f8c79b3","5816346","1636419826","2021-11-09 01:03:46","0x196bd46fe0b188d699ed882ff1e2df11dcb03067","0x93da7c130bc76568dca1cd6fe0eee1ef7d5d245c","420","Transfer"
"0x8445f32e1f47082073cf4af26d3526837051c367556991ec739300afe6c71f8d","5817110","1636431286","2021-11-09 04:14:46","0x7fba3fd5bf95a5a1c4ce7b691f64d94ea89287fd","0x0228e08bd0dcb68106c9c59c8c1723d017eab97d","2,000","Transfer"
"0xfc9c9284c8dcadfd2860eb99653de97fc4267abc4c1f5dafa44d2b48812edba3","5817138","1636431706","2021-11-09 04:21:46","0x7fba3fd5bf95a5a1c4ce7b691f64d94ea89287fd","0x4fe3e8f76636b677f1e203eb0c0a3733e6ec6020","2,000","Transfer"
"0x6f03fc154f75f52d442ba185df82c882128e84945db061cca2eb002275484449","5817401","1636435653","2021-11-09 05:27:33","0x7fba3fd5bf95a5a1c4ce7b691f64d94ea89287fd","0xcbafc87ef7cbdb7d818a23350daa5370b6b5fba1","2,000","Transfer"
"0x3f65a6e5e38a41c1ccceee72330d0f172eac66cf9491ba52c641cd1cdd0b57e0","5818078","1636445813","2021-11-09 08:16:53","0x196bd46fe0b188d699ed882ff1e2df11dcb03067","0xc23f61fa731822f01a96a7d792200f5bd5c86781","69,998","Transfer"
"0x6be156097630e1157b429dc2059d33907a7b7984feb2bf55cef846d0f47bc9df","5820056","1636475487","2021-11-09 16:31:27","0x7fba3fd5bf95a5a1c4ce7b691f64d94ea89287fd","0x8a6b919ff72b28d0d66bd1feba2d937c582d8c66","1,000","Transfer"
"0xd8d6e0a49fe04261797d9428bc1511672a2181f7108c5186b3d5f1039c1cf8fc","5820627","1636484052","2021-11-09 18:54:12","0xae59be528b8a33ba909a037eff12fe6496e7528b","0x196bd46fe0b188d699ed882ff1e2df11dcb03067","420","Transfer"
"0xa911e7e46236d396c622850d737a557fb50d4550582521ed64b4b4463c7a52e1","5821154","1636491959","2021-11-09 21:05:59","0x196bd46fe0b188d699ed882ff1e2df11dcb03067","0x8391c49c43cc0941c7e1b647ed706527d5b792da","2","Transfer"
"0x4502bf4cc946f5f6ec3c5749740799b9ba19ee3a9edc0f5c56de281fed6a550b","5821354","1636494959","2021-11-09 21:55:59","0x7fba3fd5bf95a5a1c4ce7b691f64d94ea89287fd","0xcc5b3fa8993d64bb8951b85a584d34ff5f82c494","500","Transfer"
"0xe1f9e1bf945ce3804c06038166823714b82037f734f1ac7765e70f5bcd13a675","5822022","1636504981","2021-11-10 00:43:01","0x196bd46fe0b188d699ed882ff1e2df11dcb03067","0x0816d4d508baebfa236f91db4a0ae7f226d12f99","150","Transfer"
"0x1cbdb5768fe6de7d755e17d053af3eb917a9efacfaff8d41d0428b741f22eb62","5822025","1636505026","2021-11-10 00:43:46","0x196bd46fe0b188d699ed882ff1e2df11dcb03067","0x65cffed9926d512c5424325231c38cb759653523","150","Transfer"
"0xb38cb46a4be6fedc900cce40862535768611482e8597dd5cbbbae3a9b9d75b07","5822028","1636505071","2021-11-10 00:44:31","0x196bd46fe0b188d699ed882ff1e2df11dcb03067","0xcc5b3fa8993d64bb8951b85a584d34ff5f82c494","150","Transfer"
"0x5de58b4485e5c69d0aa2374bcbf195aba5531de954f789995cc4291259ed0afc","5822031","1636505116","2021-11-10 00:45:16","0x196bd46fe0b188d699ed882ff1e2df11dcb03067","0xa299c3291c7d2c038ff117555a9c8a2ab9ba4fb7","150","Transfer"
"0xed35a2a9733e92103d05b3506a56f4c17a38a41318e0b3a892bef9e5e51699a5","5822035","1636505176","2021-11-10 00:46:16","0xae59be528b8a33ba909a037eff12fe6496e7528b","0xa299c3291c7d2c038ff117555a9c8a2ab9ba4fb7","420","Transfer"
"0x338d209199821d96904b0da209f99abd3457ba0eb5db77c55ae9f031ec4ecd77","5823531","1636527621","2021-11-10 07:00:21","0x196bd46fe0b188d699ed882ff1e2df11dcb03067","0x26a074d5c863ff06b0504466c72dd82286d2a8a6","570","Transfer"
"0x21e3297230f2d1c36f8d8b5ce528f4b3f40dfc1e9712094adf3deafe9903f02e","5823563","1636528102","2021-11-10 07:08:22","0x196bd46fe0b188d699ed882ff1e2df11dcb03067","0xe5fed348e8374bb04f4fa0de443d466b26e9cb7e","150","Transfer"
"0xcaa9663f80b8575445056da25f4ec869ffb2a8ec35154456c0704492a5c40b8e","5823566","1636528147","2021-11-10 07:09:07","0x196bd46fe0b188d699ed882ff1e2df11dcb03067","0x9090948fb74281f586cc175aa184f9768dcfaab2","150","Transfer"
"0xd2b21147b80906436a48ef246942ce118d0e35b7760f3134885babce8df71a23","5832196","1636657646","2021-11-11 19:07:26","0x196bd46fe0b188d699ed882ff1e2df11dcb03067","0x8391c49c43cc0941c7e1b647ed706527d5b792da","19,998","Transfer"
"0x3a0f507083819afd0e70afc7a228cf2252efe0add56cc25f2b6cfc2eae723c81","5833063","1636670653","2021-11-11 22:44:13","0x196bd46fe0b188d699ed882ff1e2df11dcb03067","0x65cffed9926d512c5424325231c38cb759653523","1,000","Transfer"
"0xe229678d718a63f8d046281dc7620f86db083f21911a3dadc494dadaa92df41e","5833139","1636671793","2021-11-11 23:03:13","0x7fba3fd5bf95a5a1c4ce7b691f64d94ea89287fd","0x9090948fb74281f586cc175aa184f9768dcfaab2","2","Transfer"
"0x62b37debf41c1a0b84d47217b87ac82a07347834431da35fddeae41251f05b33","5833157","1636672063","2021-11-11 23:07:43","0x7fba3fd5bf95a5a1c4ce7b691f64d94ea89287fd","0x9090948fb74281f586cc175aa184f9768dcfaab2","998","Transfer"
"0x45d57374b9033293811ce0af29d3f4668c806cbd2c92dc2bd86c07fe7057fc8d","5833941","1636683825","2021-11-12 02:23:45","0x196bd46fe0b188d699ed882ff1e2df11dcb03067","0x1290a0875523e60fd555a5c4bf46eb046a2aee77","150","Transfer"
"0x75f6b59b153e784baaf75b6f7a4f992e0a06c71b6b8be02d153fcb61ec1e18d3","5833943","1636683855","2021-11-12 02:24:15","0x196bd46fe0b188d699ed882ff1e2df11dcb03067","0xdaa8c8e050c4b6d124c06c814c26900ebb08b851","150","Transfer"
"0x8a4abcfd1b31a84e6d59511f5390f0c3ddd97869f916d97dd2e8c80161df9412","5834476","1636691850","2021-11-12 04:37:30","0x7fba3fd5bf95a5a1c4ce7b691f64d94ea89287fd","0x1290a0875523e60fd555a5c4bf46eb046a2aee77","2","Transfer"
"0xa3027e8c3aac9ff1834329d46a80656e7f1d1a62e80cb293874cbc3826159c73","5834957","1636699068","2021-11-12 06:37:48","0x7fba3fd5bf95a5a1c4ce7b691f64d94ea89287fd","0x1290a0875523e60fd555a5c4bf46eb046a2aee77","4,998","Transfer"
"0x9dde694c904d6b2ccc029d2403b7a67aafae0e759da531d84921a263eb73a1a4","5836494","1636722126","2021-11-12 13:02:06","0x7fba3fd5bf95a5a1c4ce7b691f64d94ea89287fd","0xdaa8c8e050c4b6d124c06c814c26900ebb08b851","2","Transfer"
"0xa8a8fc52837c319d7825be1ac24152919f186dfddae51011bf6816d4f7126321","5837678","1636739891","2021-11-12 17:58:11","0x7fba3fd5bf95a5a1c4ce7b691f64d94ea89287fd","0xdaa8c8e050c4b6d124c06c814c26900ebb08b851","998","Transfer"
"0x329dec2b79f2f32cdaf525e23b24d55f802ee40ce86841c07ce9b95e38f560cd","5838427","1636751126","2021-11-12 21:05:26","0x7fba3fd5bf95a5a1c4ce7b691f64d94ea89287fd","0xdc3d4edc43f5a909da14335f9a09c5e3185b88fa","2","Transfer"
"0x79a79dafb4eb6cc50edfc58fbba4803964debc9cd0f55ae75388bc8cca5860d7","5838611","1636753886","2021-11-12 21:51:26","0x7fba3fd5bf95a5a1c4ce7b691f64d94ea89287fd","0xdc3d4edc43f5a909da14335f9a09c5e3185b88fa","3,998","Transfer"
"0xd59eb6a43131f907d49046cce64b6e1c70fb72f52bdf86c6a168f22a8b17a793","5838817","1636756977","2021-11-12 22:42:57","0x7fba3fd5bf95a5a1c4ce7b691f64d94ea89287fd","0x1f24342dd780d232bd465b9244b4914803d748c7","2","Transfer"
"0x9c05deba1731137028ad0dae79901a3be9a17da537f324cf951038221b64fea4","5838994","1636759633","2021-11-12 23:27:13","0x196bd46fe0b188d699ed882ff1e2df11dcb03067","0x7fba3fd5bf95a5a1c4ce7b691f64d94ea89287fd","12,000","Transfer"
"0xd2f246fe8ed43c50a8ca09cb985f68a061e71e73fba3230c18265a94ddd2a348","5839088","1636761043","2021-11-12 23:50:43","0x7fba3fd5bf95a5a1c4ce7b691f64d94ea89287fd","0x1f24342dd780d232bd465b9244b4914803d748c7","498","Transfer"
"0x25bf6a0c09fdcbf9e979b45b892d8456c7e80df56f853f5ff3e4adfc056d353a","5839712","1636770404","2021-11-13 02:26:44","0xed66e4d1d82dd9c1b66eec0ab7a629a39332e526","0x9a3bc9ff044f12b92349f9c0e6bae5da8af731c5","2,000","Transfer"
"0x0663879486656bfd46e5ca0ab915568bf34cc63ed0f1788ee35cfd0d417885e3","5839722","1636770554","2021-11-13 02:29:14","0x8391c49c43cc0941c7e1b647ed706527d5b792da","0xed66e4d1d82dd9c1b66eec0ab7a629a39332e526","2,000","Transfer"
"0x19edaa130b55a9f9b50b220b55c5bacb298dc7a84179aa37a886d511627bb974","5839807","1636771829","2021-11-13 02:50:29","0xb956df9bdb9742ace6be810f08519c84d032226e","0xc1d1a20f6648a5e42783cedc866babcf4637cf21","200","Transfer"
"0x48d5af146815d6ba5ef53413a1567fc962496eec8e8e6a9cd2f5c4240b8418fa","5840597","1636783684","2021-11-13 06:08:04","0x196bd46fe0b188d699ed882ff1e2df11dcb03067","0x26a074d5c863ff06b0504466c72dd82286d2a8a6","420","Transfer"
"0xbc5aed273026b2a658e8056d97310504ebd682fe6ae45df18402aacb6d0271ae","5840736","1636785769","2021-11-13 06:42:49","0x196bd46fe0b188d699ed882ff1e2df11dcb03067","0xdc3d4edc43f5a909da14335f9a09c5e3185b88fa","150","Transfer"
"0x32662c62e61352355d7220c206364b43c7790eafde914f8514987a0716f1c5c9","5846692","1636875135","2021-11-14 07:32:15","0x6fd2e7d2c9e0f84f58c08ffb8ef396836e47d96c","0x4fe3e8f76636b677f1e203eb0c0a3733e6ec6020","100","Transfer"
"0x710c890d8d7ffef978a2af8f4502bb39f513733c79c5e6d2b38c5cb1099ee8f8","5861614","1637099038","2021-11-16 21:43:58","0x7fba3fd5bf95a5a1c4ce7b691f64d94ea89287fd","0x1f24342dd780d232bd465b9244b4914803d748c7","500","Transfer"
"0xe64369eeafb157932ed80b3ced020cd26e3fc99be605ee44367bdd508ead56fb","5866612","1637174022","2021-11-17 18:33:42","0x7fba3fd5bf95a5a1c4ce7b691f64d94ea89287fd","0x1290a0875523e60fd555a5c4bf46eb046a2aee77","1,000","Transfer"
"0x4f7c32256705880b6ccb40f9c2978b47e2925141ac04dda471803485f5b8b612","5872395","1637261446","2021-11-18 18:50:46","0xb956df9bdb9742ace6be810f08519c84d032226e","0xff4ed242c0d3ea7f329eea51f47ea3513795779b","250","Transfer"
"0x967bd814e0d7f5dc0a21a78ccb2c4d9e230c4d2cc808f8783030bfa5cf0c4666","5873665","1637280498","2021-11-19 00:08:18","0x7fba3fd5bf95a5a1c4ce7b691f64d94ea89287fd","0x65cffed9926d512c5424325231c38cb759653523","200","Transfer"
"0xfec38d1c95e4fa57bf0f6018a71ab01fd0d3d0ee76a53c4e6c6d956083d28b94","5873738","1637281593","2021-11-19 00:26:33","0x6fd2e7d2c9e0f84f58c08ffb8ef396836e47d96c","0x4fe3e8f76636b677f1e203eb0c0a3733e6ec6020","500","Transfer"
"0x3e76de10077dfaa3a5080d064b28ca0fc0001fa23b7380eace61ab6753c6381d","5873741","1637281638","2021-11-19 00:27:18","0xc3282ea372718b353b4801041fb1c8e4961ea79f","0x4fe3e8f76636b677f1e203eb0c0a3733e6ec6020","1,500","Transfer"
"0x83d5c53252ec948762a87017abe654992fc5afd9ee84d62cd41c0150ebb9b5d6","5873782","1637282253","2021-11-19 00:37:33","0xc1d1a20f6648a5e42783cedc866babcf4637cf21","0x4fe3e8f76636b677f1e203eb0c0a3733e6ec6020","1,000","Transfer"
"0x9dfa41821b3ba79296f6cf58a1fded2438bd1ff5e762e048998b7ce89e761b5d","5873797","1637282478","2021-11-19 00:41:18","0x93da7c130bc76568dca1cd6fe0eee1ef7d5d245c","0x4fe3e8f76636b677f1e203eb0c0a3733e6ec6020","500","Transfer"
"0x7f3531b5f944b08e8d72d831f7afb842ec9b49e621e733657f72f39328e49c3e","5878094","1637346959","2021-11-19 18:35:59","0x7fba3fd5bf95a5a1c4ce7b691f64d94ea89287fd","0x1290a0875523e60fd555a5c4bf46eb046a2aee77","200","Transfer"
"0x878d0ddc97adaa12f096323b79fcb06627d1939c32a2dd4a23fbe1f0838127f4","5879393","1637366454","2021-11-20 00:00:54","0x196bd46fe0b188d699ed882ff1e2df11dcb03067","0x40af88b7c720cfe67547d6b5f70687d7f7c801f2","150","Transfer"
"0x4f18bb8a298db103a024543114b37ad33f962dbcb9bcac49efe5f7a568f0c38d","5879433","1637367054","2021-11-20 00:10:54","0x8391c49c43cc0941c7e1b647ed706527d5b792da","0xff4ed242c0d3ea7f329eea51f47ea3513795779b","350","Transfer"
"0x24816b68147bcb5cef10a446eae17a92fd0b034dbb68b257546abde18a3066f1","5879437","1637367114","2021-11-20 00:11:54","0x8391c49c43cc0941c7e1b647ed706527d5b792da","0x78193fb17a55c172166f39dcec233836de1ed24b","350","Transfer"
"0x9ae7189a8ea97c41e59940e36c34c10400dea38d79b344dfcdf15451eff8604b","5879442","1637367189","2021-11-20 00:13:09","0x8391c49c43cc0941c7e1b647ed706527d5b792da","0xb956df9bdb9742ace6be810f08519c84d032226e","350","Transfer"
"0x8e2236fffe736be3d1599853085fff1f50cd42f1093a04bdd634503226395f65","5884483","1637442817","2021-11-20 21:13:37","0x7fba3fd5bf95a5a1c4ce7b691f64d94ea89287fd","0xdc3d4edc43f5a909da14335f9a09c5e3185b88fa","500","Transfer"
"0xe2b0c7fc0882c1aaa7600b23e3d2b5b9e838e8f4883622592d755568db0cb31f","5891719","1637551381","2021-11-22 03:23:01","0x7fba3fd5bf95a5a1c4ce7b691f64d94ea89287fd","0xdc3d4edc43f5a909da14335f9a09c5e3185b88fa","200","Transfer"
"0x384affcc6e40f2d28b82c2d1f8843cebf4a4baf3727a8f5f518358459aea9474","5892019","1637555882","2021-11-22 04:38:02","0x196bd46fe0b188d699ed882ff1e2df11dcb03067","0x66810c3d8fd14e5485bfaf2879be087be8a8e867","150","Transfer"
"0x5af98f83718e95fab43c5038dc7cedd9a1c7e5c387035f455317bccb8b166b6d","5897332","1637635594","2021-11-23 02:46:34","0x7fba3fd5bf95a5a1c4ce7b691f64d94ea89287fd","0x78193fb17a55c172166f39dcec233836de1ed24b","500","Transfer"
"0x744d2e56b063d2a0dbd41aef79f9fa911e484d215768aab41db06a5293358ac2","5902216","1637708871","2021-11-23 23:07:51","0x7fba3fd5bf95a5a1c4ce7b691f64d94ea89287fd","0xdc3d4edc43f5a909da14335f9a09c5e3185b88fa","300","Transfer"
"0xa59bffb15fbd981b2a5a85079fd06840752197365a903e834b78f9c9cfc509a7","5903541","1637728747","2021-11-24 04:39:07","0xb956df9bdb9742ace6be810f08519c84d032226e","0x4fe3e8f76636b677f1e203eb0c0a3733e6ec6020","500","Transfer"
"0xce605fa23199b4ab05dfe7ce2ec0199116bd820d1cf4289578dba9afd11c9009","5904060","1637736533","2021-11-24 06:48:53","0xae59be528b8a33ba909a037eff12fe6496e7528b","0x26a074d5c863ff06b0504466c72dd82286d2a8a6","3,000","Transfer"
"0x8d2ff8e274b0da0ee97042c6749b61ee7f94e7f534e2ef59d011ec6a1d2cf0c9","5904126","1637737523","2021-11-24 07:05:23","0xae59be528b8a33ba909a037eff12fe6496e7528b","0x93da7c130bc76568dca1cd6fe0eee1ef7d5d245c","3,000","Transfer"
"0x458dd878302c363f310152b0b27f26f0b3d7fb389a45232f41eb379d81e19f5b","5904130","1637737583","2021-11-24 07:06:23","0xae59be528b8a33ba909a037eff12fe6496e7528b","0x4fe3e8f76636b677f1e203eb0c0a3733e6ec6020","1,000","Transfer"
"0x0ef39fe9fe1c5bdb86df4cf6a6bd3badfddcb162275bae958109c07505214c96","5904163","1637738078","2021-11-24 07:14:38","0xc1d1a20f6648a5e42783cedc866babcf4637cf21","0x93da7c130bc76568dca1cd6fe0eee1ef7d5d245c","50","Transfer"
"0xffcd0f5a3fb424b0ba760e022abbb524942836c621d62bc674a12cdfd0e652a5","5906335","1637770668","2021-11-24 16:17:48","0xdaa8c8e050c4b6d124c06c814c26900ebb08b851","0x4fe3e8f76636b677f1e203eb0c0a3733e6ec6020","500","Transfer"
"0xc19d62c0364aec65bc2937af7bfbd1ac2833f8967b4098e90c549a987059331b","5908927","1637809549","2021-11-25 03:05:49","0xb956df9bdb9742ace6be810f08519c84d032226e","0x78193fb17a55c172166f39dcec233836de1ed24b","200","Transfer"
"0x18f4e8787d3298f7e56bc0cb3f9b5fc25b0c776bb8b60143802ab506ab591c63","5918288","1637949984","2021-11-26 18:06:24","0xb956df9bdb9742ace6be810f08519c84d032226e","0x78193fb17a55c172166f39dcec233836de1ed24b","700","Transfer"
"0xa08cbed784ca90a8b70563701bc8c17c8ae602a89ed503b61e21c82dee50ae9b","5919418","1637966946","2021-11-26 22:49:06","0x7fba3fd5bf95a5a1c4ce7b691f64d94ea89287fd","0x1f24342dd780d232bd465b9244b4914803d748c7","150","Transfer"
"0x44a5fc0a6eba02fe33c863136cb1765fc8817c7749cbe7bec3d7389ac7487a82","5920617","1637984942","2021-11-27 03:49:02","0xae59be528b8a33ba909a037eff12fe6496e7528b","0xc1d1a20f6648a5e42783cedc866babcf4637cf21","1,000","Transfer"
"0x6497a5081dab9ce4ddcda9cb05e8a96cd72c6b8d54830f487f065601f3605f52","5935648","1638210436","2021-11-29 18:27:16","0x7fba3fd5bf95a5a1c4ce7b691f64d94ea89287fd","0x1f24342dd780d232bd465b9244b4914803d748c7","150","Transfer"
"0x245d939d423d7cbf3b0275afce39b64dece49a4fed76e9368e24ff3f1ab2e9bd","5935786","1638212506","2021-11-29 19:01:46","0x7fba3fd5bf95a5a1c4ce7b691f64d94ea89287fd","0xcbafc87ef7cbdb7d818a23350daa5370b6b5fba1","150","Transfer"
"0x746cb6f81b3909273af0b810cc7b8a9fada5d0ca447632ef2a1c555c2adc9195","5943235","1638324284","2021-12-01 02:04:44","0x196bd46fe0b188d699ed882ff1e2df11dcb03067","0x03e3361e3e7095b06c113b99c96819b363e2e150","150","Transfer"
"0x68c71620a3c0f853d4fc586d5f23ac5e4882ba281640da0950412b0a90e55737","5943237","1638324314","2021-12-01 02:05:14","0x196bd46fe0b188d699ed882ff1e2df11dcb03067","0x2a277cb0288ee70ce09caf79c9f4eea407a9c7e1","150","Transfer"
"0xb2ecdf729f63c54af0c99f06c6f81d021ef876c1daf1f0f17cca21fec4145811","5943240","1638324359","2021-12-01 02:05:59","0x196bd46fe0b188d699ed882ff1e2df11dcb03067","0x090993d7d2f58349b2583070fbaed0d23a28b927","150","Transfer"
"0x6c69e17bcc9554e43da4474d219d9293226d7aad4d9c20a5f6aad68d26c1f0a9","5943728","1638331686","2021-12-01 04:08:06","0x7fba3fd5bf95a5a1c4ce7b691f64d94ea89287fd","0xe6607807ec230e9ef91b66dc36c33cc636ab3f96","2","Transfer"
"0x0f18bf7e742cf79921a967eb69dfa59fb819301660b85ca8a6b64d8af39ee85d","5943791","1638332632","2021-12-01 04:23:52","0x7fba3fd5bf95a5a1c4ce7b691f64d94ea89287fd","0x0228e08bd0dcb68106c9c59c8c1723d017eab97d","300","Transfer"
"0xb899b01e6ac1689d0437decf61f3ddcc651981f8348087e1e7a1326ae4bcabf3","5947746","1638391971","2021-12-01 20:52:51","0x196bd46fe0b188d699ed882ff1e2df11dcb03067","0xf26c0dbe52db05eb11641021224d6cb7c7ce52d8","150","Transfer"
"0x1af53d9db648a42c81d6dce328b1932ee9e912a9ff0f0f83f87dc12b275a56b7","5947749","1638392016","2021-12-01 20:53:36","0x196bd46fe0b188d699ed882ff1e2df11dcb03067","0x1a4a52eb4b63a1062caa251f542024b299f48f37","150","Transfer"
"0x248b97d900bc82dd80fabcaa37d20b785732fa5ef8c8937a921538f882357a99","5948360","1638401182","2021-12-01 23:26:22","0x7fba3fd5bf95a5a1c4ce7b691f64d94ea89287fd","0xcbafc87ef7cbdb7d818a23350daa5370b6b5fba1","300","Transfer"
"0x13a99b72b09301695e015d8b15d9b8118a012e6b0693c9771e4e66af94ccfe8c","5948394","1638401692","2021-12-01 23:34:52","0x7fba3fd5bf95a5a1c4ce7b691f64d94ea89287fd","0x1f24342dd780d232bd465b9244b4914803d748c7","150","Transfer"
"0xde56251b3d4bba03073526757dc5a89cf861f2c7ef1ea19bb6ada9006b6c3e9a","5949244","1638414446","2021-12-02 03:07:26","0x7fba3fd5bf95a5a1c4ce7b691f64d94ea89287fd","0xe6607807ec230e9ef91b66dc36c33cc636ab3f96","748","Transfer"
"0x6a64729376589855ab8d8167f336e13a1b75fcd6b7ee062370ecf93360869d12","5949330","1638415737","2021-12-02 03:28:57","0x196bd46fe0b188d699ed882ff1e2df11dcb03067","0xe6607807ec230e9ef91b66dc36c33cc636ab3f96","150","Transfer"
"0x15e71d760a12416fa97fe7ce57eff2055a2fabe5c32513364dfe54f541acf6a6","5952929","1638469743","2021-12-02 18:29:03","0x8391c49c43cc0941c7e1b647ed706527d5b792da","0xff4ed242c0d3ea7f329eea51f47ea3513795779b","350","Transfer"
"0x351de28b7d24c4474e3ad3d9530caab5a45c082b0c71d179115eb8cc6828efda","5952930","1638469758","2021-12-02 18:29:18","0x8391c49c43cc0941c7e1b647ed706527d5b792da","0x78193fb17a55c172166f39dcec233836de1ed24b","350","Transfer"
"0x604aedaf6751005dff27b12126ac7af24ae30fb47fd150795c0dfffd7c0183f1","5952934","1638469818","2021-12-02 18:30:18","0x8391c49c43cc0941c7e1b647ed706527d5b792da","0x4fe3e8f76636b677f1e203eb0c0a3733e6ec6020","350","Transfer"
"0x716b0ab8c9c08faf66f6c59dc1b656e388425a50c3352e54fbfd04ef601b16a4","5955378","1638506489","2021-12-03 04:41:29","0x196bd46fe0b188d699ed882ff1e2df11dcb03067","0xa5025faba6e70b84f74e9b1113e5f7f4e7f4859f","31,999.97","-"
"0x716b0ab8c9c08faf66f6c59dc1b656e388425a50c3352e54fbfd04ef601b16a4","5955378","1638506489","2021-12-03 04:41:29","0xa5025faba6e70b84f74e9b1113e5f7f4e7f4859f","0xae59be528b8a33ba909a037eff12fe6496e7528b","9,036.59","-"
"0x716b0ab8c9c08faf66f6c59dc1b656e388425a50c3352e54fbfd04ef601b16a4","5955378","1638506489","2021-12-03 04:41:29","0xa5025faba6e70b84f74e9b1113e5f7f4e7f4859f","0x65cffed9926d512c5424325231c38cb759653523","2,124.75","-"
"0x716b0ab8c9c08faf66f6c59dc1b656e388425a50c3352e54fbfd04ef601b16a4","5955378","1638506489","2021-12-03 04:41:29","0xa5025faba6e70b84f74e9b1113e5f7f4e7f4859f","0xb956df9bdb9742ace6be810f08519c84d032226e","2,039.12","-"
"0x716b0ab8c9c08faf66f6c59dc1b656e388425a50c3352e54fbfd04ef601b16a4","5955378","1638506489","2021-12-03 04:41:29","0xa5025faba6e70b84f74e9b1113e5f7f4e7f4859f","0xe5fed348e8374bb04f4fa0de443d466b26e9cb7e","2,020.39","-"
"0x716b0ab8c9c08faf66f6c59dc1b656e388425a50c3352e54fbfd04ef601b16a4","5955378","1638506489","2021-12-03 04:41:29","0xa5025faba6e70b84f74e9b1113e5f7f4e7f4859f","0xc1d1a20f6648a5e42783cedc866babcf4637cf21","1,594.93","-"
"0x716b0ab8c9c08faf66f6c59dc1b656e388425a50c3352e54fbfd04ef601b16a4","5955378","1638506489","2021-12-03 04:41:29","0xa5025faba6e70b84f74e9b1113e5f7f4e7f4859f","0x4fe3e8f76636b677f1e203eb0c0a3733e6ec6020","1,345.12","-"
"0x716b0ab8c9c08faf66f6c59dc1b656e388425a50c3352e54fbfd04ef601b16a4","5955378","1638506489","2021-12-03 04:41:29","0xa5025faba6e70b84f74e9b1113e5f7f4e7f4859f","0x0228e08bd0dcb68106c9c59c8c1723d017eab97d","1,269.33","-"
"0x716b0ab8c9c08faf66f6c59dc1b656e388425a50c3352e54fbfd04ef601b16a4","5955378","1638506489","2021-12-03 04:41:29","0xa5025faba6e70b84f74e9b1113e5f7f4e7f4859f","0xed66e4d1d82dd9c1b66eec0ab7a629a39332e526","1,111.76","-"
"0x716b0ab8c9c08faf66f6c59dc1b656e388425a50c3352e54fbfd04ef601b16a4","5955378","1638506489","2021-12-03 04:41:29","0xa5025faba6e70b84f74e9b1113e5f7f4e7f4859f","0x1290a0875523e60fd555a5c4bf46eb046a2aee77","989.66","-"
"0x716b0ab8c9c08faf66f6c59dc1b656e388425a50c3352e54fbfd04ef601b16a4","5955378","1638506489","2021-12-03 04:41:29","0xa5025faba6e70b84f74e9b1113e5f7f4e7f4859f","0x93da7c130bc76568dca1cd6fe0eee1ef7d5d245c","962.78","-"
"0x716b0ab8c9c08faf66f6c59dc1b656e388425a50c3352e54fbfd04ef601b16a4","5955378","1638506489","2021-12-03 04:41:29","0xa5025faba6e70b84f74e9b1113e5f7f4e7f4859f","0xdaa8c8e050c4b6d124c06c814c26900ebb08b851","958.3","-"
"0x716b0ab8c9c08faf66f6c59dc1b656e388425a50c3352e54fbfd04ef601b16a4","5955378","1638506489","2021-12-03 04:41:29","0xa5025faba6e70b84f74e9b1113e5f7f4e7f4859f","0xdc3d4edc43f5a909da14335f9a09c5e3185b88fa","935.89","-"
"0x716b0ab8c9c08faf66f6c59dc1b656e388425a50c3352e54fbfd04ef601b16a4","5955378","1638506489","2021-12-03 04:41:29","0xa5025faba6e70b84f74e9b1113e5f7f4e7f4859f","0xcbafc87ef7cbdb7d818a23350daa5370b6b5fba1","923.2","-"
"0x716b0ab8c9c08faf66f6c59dc1b656e388425a50c3352e54fbfd04ef601b16a4","5955378","1638506489","2021-12-03 04:41:29","0xa5025faba6e70b84f74e9b1113e5f7f4e7f4859f","0xd148d66083e3a03685ca39b289e75df7f104423f","847.98","-"
"0x716b0ab8c9c08faf66f6c59dc1b656e388425a50c3352e54fbfd04ef601b16a4","5955378","1638506489","2021-12-03 04:41:29","0xa5025faba6e70b84f74e9b1113e5f7f4e7f4859f","0x40af88b7c720cfe67547d6b5f70687d7f7c801f2","448.05","-"
"0x716b0ab8c9c08faf66f6c59dc1b656e388425a50c3352e54fbfd04ef601b16a4","5955378","1638506489","2021-12-03 04:41:29","0xa5025faba6e70b84f74e9b1113e5f7f4e7f4859f","0x13a27956a9d32caac01cf9da52f50360cdd20483","448.05","-"
"0x716b0ab8c9c08faf66f6c59dc1b656e388425a50c3352e54fbfd04ef601b16a4","5955378","1638506489","2021-12-03 04:41:29","0xa5025faba6e70b84f74e9b1113e5f7f4e7f4859f","0x0816d4d508baebfa236f91db4a0ae7f226d12f99","448.05","-"
"0x716b0ab8c9c08faf66f6c59dc1b656e388425a50c3352e54fbfd04ef601b16a4","5955378","1638506489","2021-12-03 04:41:29","0xa5025faba6e70b84f74e9b1113e5f7f4e7f4859f","0xc3282ea372718b353b4801041fb1c8e4961ea79f","448.05","-"
"0x716b0ab8c9c08faf66f6c59dc1b656e388425a50c3352e54fbfd04ef601b16a4","5955378","1638506489","2021-12-03 04:41:29","0xa5025faba6e70b84f74e9b1113e5f7f4e7f4859f","0x57cc626a0de7de3f4ec831c49f2a8a70720c0b8a","448.05","-"
"0x716b0ab8c9c08faf66f6c59dc1b656e388425a50c3352e54fbfd04ef601b16a4","5955378","1638506489","2021-12-03 04:41:29","0xa5025faba6e70b84f74e9b1113e5f7f4e7f4859f","0x6fd2e7d2c9e0f84f58c08ffb8ef396836e47d96c","377.11","-"
"0x716b0ab8c9c08faf66f6c59dc1b656e388425a50c3352e54fbfd04ef601b16a4","5955378","1638506489","2021-12-03 04:41:29","0xa5025faba6e70b84f74e9b1113e5f7f4e7f4859f","0xa25f6deceb6567e82e62054f38c1a472744ffcbb","331.75","-"
"0x716b0ab8c9c08faf66f6c59dc1b656e388425a50c3352e54fbfd04ef601b16a4","5955378","1638506489","2021-12-03 04:41:29","0xa5025faba6e70b84f74e9b1113e5f7f4e7f4859f","0x9a3bc9ff044f12b92349f9c0e6bae5da8af731c5","325.59","-"
"0x716b0ab8c9c08faf66f6c59dc1b656e388425a50c3352e54fbfd04ef601b16a4","5955378","1638506489","2021-12-03 04:41:29","0xa5025faba6e70b84f74e9b1113e5f7f4e7f4859f","0x78193fb17a55c172166f39dcec233836de1ed24b","316.62","-"
"0x716b0ab8c9c08faf66f6c59dc1b656e388425a50c3352e54fbfd04ef601b16a4","5955378","1638506489","2021-12-03 04:41:29","0xa5025faba6e70b84f74e9b1113e5f7f4e7f4859f","0x1a4a52eb4b63a1062caa251f542024b299f48f37","312.77","-"
"0x716b0ab8c9c08faf66f6c59dc1b656e388425a50c3352e54fbfd04ef601b16a4","5955378","1638506489","2021-12-03 04:41:29","0xa5025faba6e70b84f74e9b1113e5f7f4e7f4859f","0xfca0e8779993e4264d51802935bb0ab00a51afc7","309.54","-"
"0x716b0ab8c9c08faf66f6c59dc1b656e388425a50c3352e54fbfd04ef601b16a4","5955378","1638506489","2021-12-03 04:41:29","0xa5025faba6e70b84f74e9b1113e5f7f4e7f4859f","0x26a074d5c863ff06b0504466c72dd82286d2a8a6","219.18","-"
"0x716b0ab8c9c08faf66f6c59dc1b656e388425a50c3352e54fbfd04ef601b16a4","5955378","1638506489","2021-12-03 04:41:29","0xa5025faba6e70b84f74e9b1113e5f7f4e7f4859f","0xa88482f6761d08f7edc50455b25f471794515353","218.05","-"
"0x716b0ab8c9c08faf66f6c59dc1b656e388425a50c3352e54fbfd04ef601b16a4","5955378","1638506489","2021-12-03 04:41:29","0xa5025faba6e70b84f74e9b1113e5f7f4e7f4859f","0xf142540cf84e496a1ebe705e8aa72993d1bf64ed","198.31","-"
"0x716b0ab8c9c08faf66f6c59dc1b656e388425a50c3352e54fbfd04ef601b16a4","5955378","1638506489","2021-12-03 04:41:29","0xa5025faba6e70b84f74e9b1113e5f7f4e7f4859f","0xe6607807ec230e9ef91b66dc36c33cc636ab3f96","197.35","-"
"0x716b0ab8c9c08faf66f6c59dc1b656e388425a50c3352e54fbfd04ef601b16a4","5955378","1638506489","2021-12-03 04:41:29","0xa5025faba6e70b84f74e9b1113e5f7f4e7f4859f","0xc8c618628a66e76ff02adaff9c4d28cff0cc00a1","147.11","-"
"0x716b0ab8c9c08faf66f6c59dc1b656e388425a50c3352e54fbfd04ef601b16a4","5955378","1638506489","2021-12-03 04:41:29","0xa5025faba6e70b84f74e9b1113e5f7f4e7f4859f","0x43097640710567e1cd0cf45a8806268113f4d4f1","142.63","-"
"0x716b0ab8c9c08faf66f6c59dc1b656e388425a50c3352e54fbfd04ef601b16a4","5955378","1638506489","2021-12-03 04:41:29","0xa5025faba6e70b84f74e9b1113e5f7f4e7f4859f","0xf02808a71d7dfdf1b4c0afc2d16ae736d012fac7","109.59","-"
"0x716b0ab8c9c08faf66f6c59dc1b656e388425a50c3352e54fbfd04ef601b16a4","5955378","1638506489","2021-12-03 04:41:29","0xa5025faba6e70b84f74e9b1113e5f7f4e7f4859f","0xd0871b88aec993c995f3268efb379f48d7ef0b57","96.33","-"
"0x716b0ab8c9c08faf66f6c59dc1b656e388425a50c3352e54fbfd04ef601b16a4","5955378","1638506489","2021-12-03 04:41:29","0xa5025faba6e70b84f74e9b1113e5f7f4e7f4859f","0xd028877f3684cc0ed70ae80cbb100f6f523fc106","87.37","-"
"0x716b0ab8c9c08faf66f6c59dc1b656e388425a50c3352e54fbfd04ef601b16a4","5955378","1638506489","2021-12-03 04:41:29","0xa5025faba6e70b84f74e9b1113e5f7f4e7f4859f","0x03e3361e3e7095b06c113b99c96819b363e2e150","48.59","-"
"0x716b0ab8c9c08faf66f6c59dc1b656e388425a50c3352e54fbfd04ef601b16a4","5955378","1638506489","2021-12-03 04:41:29","0xa5025faba6e70b84f74e9b1113e5f7f4e7f4859f","0x9090948fb74281f586cc175aa184f9768dcfaab2","43.31","-"
"0x716b0ab8c9c08faf66f6c59dc1b656e388425a50c3352e54fbfd04ef601b16a4","5955378","1638506489","2021-12-03 04:41:29","0xa5025faba6e70b84f74e9b1113e5f7f4e7f4859f","0xcc5b3fa8993d64bb8951b85a584d34ff5f82c494","41.07","-"
"0x716b0ab8c9c08faf66f6c59dc1b656e388425a50c3352e54fbfd04ef601b16a4","5955378","1638506489","2021-12-03 04:41:29","0xa5025faba6e70b84f74e9b1113e5f7f4e7f4859f","0xff4ed242c0d3ea7f329eea51f47ea3513795779b","38.08","-"
"0x716b0ab8c9c08faf66f6c59dc1b656e388425a50c3352e54fbfd04ef601b16a4","5955378","1638506489","2021-12-03 04:41:29","0xa5025faba6e70b84f74e9b1113e5f7f4e7f4859f","0x090993d7d2f58349b2583070fbaed0d23a28b927","33.6","-"
"0x716b0ab8c9c08faf66f6c59dc1b656e388425a50c3352e54fbfd04ef601b16a4","5955378","1638506489","2021-12-03 04:41:29","0xa5025faba6e70b84f74e9b1113e5f7f4e7f4859f","0x2a277cb0288ee70ce09caf79c9f4eea407a9c7e1","5.97","-"
"0x16c9642203c0a1dab76e3456d7e04bb7a8820afddc274d389436939d602bdac2","5959099","1638562339","2021-12-03 20:12:19","0xc3282ea372718b353b4801041fb1c8e4961ea79f","0x40af88b7c720cfe67547d6b5f70687d7f7c801f2","100","Transfer"
"0x33bdd9536e905b85d180cd99980d99d027c88136a0c3c83a14f8587393b74d92","5959329","1638565789","2021-12-03 21:09:49","0xc3282ea372718b353b4801041fb1c8e4961ea79f","0x40af88b7c720cfe67547d6b5f70687d7f7c801f2","400","Transfer"
"0x7b60039f28b3e122c60ff7519ab8308969ab285b8b067ad74cb812e5a1b4dfb9","5965359","1638656271","2021-12-04 22:17:51","0x196bd46fe0b188d699ed882ff1e2df11dcb03067","0x6fd2e7d2c9e0f84f58c08ffb8ef396836e47d96c","1,750","Transfer"
"0x9987026b847e57ecbf16da605bb86a8254d1dd09c02d7a0a4fa0fb4eef1c5491","5965361","1638656301","2021-12-04 22:18:21","0x196bd46fe0b188d699ed882ff1e2df11dcb03067","0xfca0e8779993e4264d51802935bb0ab00a51afc7","1,750","Transfer"
"0xa4e75a212ddb6013e488c5173b008c38b0a5ba5e877297de8cde9d78b06be12e","5965363","1638656331","2021-12-04 22:18:51","0x196bd46fe0b188d699ed882ff1e2df11dcb03067","0x4fe3e8f76636b677f1e203eb0c0a3733e6ec6020","1,750","Transfer"
"0xad3cbabfd7e3ad865c819bcd320fa15da8a03bae6cae62dd580874e415c9c4ab","5965366","1638656376","2021-12-04 22:19:36","0x196bd46fe0b188d699ed882ff1e2df11dcb03067","0x9a3bc9ff044f12b92349f9c0e6bae5da8af731c5","1,750","Transfer"
"0xbc0e53f8f314a2dcd78cec0019b0792056dad21ce5c34f3ad9d0785bccdb3ecd","5965368","1638656406","2021-12-04 22:20:06","0x196bd46fe0b188d699ed882ff1e2df11dcb03067","0xb956df9bdb9742ace6be810f08519c84d032226e","1,750","Transfer"
"0xdab517bde24804970e07292b87ec95b0eeb9a5c6bbe7eeabb7c10b0bc6c6d2d3","5965370","1638656436","2021-12-04 22:20:36","0x196bd46fe0b188d699ed882ff1e2df11dcb03067","0xf02808a71d7dfdf1b4c0afc2d16ae736d012fac7","1,750","Transfer"
"0xea01e8c9394f1353d16266eccf785ec5595458a3f685e6d3a3ecc9ec909519dd","5965372","1638656466","2021-12-04 22:21:06","0x196bd46fe0b188d699ed882ff1e2df11dcb03067","0xed66e4d1d82dd9c1b66eec0ab7a629a39332e526","1,750","Transfer"
"0x1a2e812cf9998a410e8f5e817303b4b0d969f63bf7a3fe5922550f28b4e5c374","5965374","1638656496","2021-12-04 22:21:36","0x196bd46fe0b188d699ed882ff1e2df11dcb03067","0x2a277cb0288ee70ce09caf79c9f4eea407a9c7e1","1,750","Transfer"
"0xbd8437c9bc1feff47f51f920121b58a209afce5130a3cdf7a3bb5d3d8dc84306","5965376","1638656526","2021-12-04 22:22:06","0x196bd46fe0b188d699ed882ff1e2df11dcb03067","0x0228e08bd0dcb68106c9c59c8c1723d017eab97d","1,750","Transfer"
"0xf40b12a77a11e1f9f16129b66edb82c9b07d42c0ac36bb08f3cc04feb87e14fc","5965377","1638656541","2021-12-04 22:22:21","0x196bd46fe0b188d699ed882ff1e2df11dcb03067","0xc1d1a20f6648a5e42783cedc866babcf4637cf21","1,750","Transfer"
"0xb15f07a4af623df97ef6415313ec87b595657593890ab08d04eeb3bdfd35accf","5965381","1638656601","2021-12-04 22:23:21","0x196bd46fe0b188d699ed882ff1e2df11dcb03067","0xae59be528b8a33ba909a037eff12fe6496e7528b","1,750","Transfer"
"0xada450a9ccf87eca3701685a0b32831a64d69a662949d57c1710b3ab66c2c72d","5971342","1638746043","2021-12-05 23:14:03","0x7fba3fd5bf95a5a1c4ce7b691f64d94ea89287fd","0x78193fb17a55c172166f39dcec233836de1ed24b","2","Transfer"
"0x31ca6ac071a32d9310e2bf3b376ccb2d3deebef226ed138bf3b109014faf7a36","5971377","1638746569","2021-12-05 23:22:49","0x7fba3fd5bf95a5a1c4ce7b691f64d94ea89287fd","0x78193fb17a55c172166f39dcec233836de1ed24b","2","Transfer"
"0x698c51cfcc1d12dd2730d2af2f139880fa0d3cfce00721a8537f6c9845862fc0","5971386","1638746704","2021-12-05 23:25:04","0x7fba3fd5bf95a5a1c4ce7b691f64d94ea89287fd","0x78193fb17a55c172166f39dcec233836de1ed24b","4,996","Transfer"
"0x739c6cf5f0945b6f6f8890c41ed812c0d186e904e75b385945a529c7dffbb20f","5972911","1638769593","2021-12-06 05:46:33","0x7fba3fd5bf95a5a1c4ce7b691f64d94ea89287fd","0xdc3d4edc43f5a909da14335f9a09c5e3185b88fa","300","Transfer"
"0x77f35f6827a2cd766360f372cf68cc67c0e21aad56d79b3e447517a3e248a4d4","5973018","1638771198","2021-12-06 06:13:18","0x7fba3fd5bf95a5a1c4ce7b691f64d94ea89287fd","0x1290a0875523e60fd555a5c4bf46eb046a2aee77","150","Transfer"
"0xf50d0bf2d770b2421a7a2f976d3028f4b632006a30829d15e5fb952fa0c45e6f","5978652","1638855735","2021-12-07 05:42:15","0x7fba3fd5bf95a5a1c4ce7b691f64d94ea89287fd","0x1290a0875523e60fd555a5c4bf46eb046a2aee77","150","Transfer"
"0xaaab446aaed6fce751bcb1f375e1778f9bc6eb4fa3a27896cf8405844f795096","5978673","1638856050","2021-12-07 05:47:30","0x7fba3fd5bf95a5a1c4ce7b691f64d94ea89287fd","0x1f24342dd780d232bd465b9244b4914803d748c7","150","Transfer"
"0xad3b963b68bb884ecbff91da8619ad57fed72eddda1fca94727205eca50e1bd2","5988174","1638998621","2021-12-08 21:23:41","0x196bd46fe0b188d699ed882ff1e2df11dcb03067","0x0690dead67a8c1b6159a8b10b315f2c2bf5bc845","150","Transfer"
"0x6e24e23f35c1530eca7c5bc61b86b7204719872b39e73e7d3a1c3c4b0ba9a6ee","5988310","1639000661","2021-12-08 21:57:41","0x196bd46fe0b188d699ed882ff1e2df11dcb03067","0x206bf2adea8fe11af0349af5628d48c1acab6cc5","150","Transfer"
"0x62fc191970c08caab7d9be4cb11c58d9cfb57d2c4435140985d7a040ca1f2060","5994552","1639094303","2021-12-09 23:58:23","0x7fba3fd5bf95a5a1c4ce7b691f64d94ea89287fd","0xdc3d4edc43f5a909da14335f9a09c5e3185b88fa","300","Transfer"
"0xa33c55b1bfd27a324aba868255739ff9eb13e289b4e9ccd2b5e747f3b2fca8ed","6006332","1639271029","2021-12-12 01:03:49","0x7fba3fd5bf95a5a1c4ce7b691f64d94ea89287fd","0x78193fb17a55c172166f39dcec233836de1ed24b","750","Transfer"
"0x892e3db7ace32b193271b608dda59a08a6f7fd03a93f6e33d2c250dfcf0f3118","6007541","1639289165","2021-12-12 06:06:05","0x196bd46fe0b188d699ed882ff1e2df11dcb03067","0x7fba3fd5bf95a5a1c4ce7b691f64d94ea89287fd","12,000","Transfer"
"0xf81c53e017669b1304b1531ef40cd06cec93ba1a69c1e07bdbc0c58d01a3e6c0","6007557","1639289405","2021-12-12 06:10:05","0x196bd46fe0b188d699ed882ff1e2df11dcb03067","0x916c357b657cdbb3d9ef2e1f200dbc079ec5f427","150","Transfer"
"0x557571a3471785c5d48958e13f82fa9b9d6f100a543712e49ad86e57e2591e3c","6007560","1639289450","2021-12-12 06:10:50","0x196bd46fe0b188d699ed882ff1e2df11dcb03067","0xdd7bf21b30bc7f8d91a43c3a395cff6bb12e635f","150","Transfer"
"0x67d1d3e86a5b30fb928b0f08345a207c7153fa6ff39e7c525d0b20d4fa720904","6015421","1639407385","2021-12-13 14:56:25","0xc3282ea372718b353b4801041fb1c8e4961ea79f","0xcc7ce27d1058c0a58c2793fb71393af1a4ee79ce","362","Transfer"
"0x9546f68cf06202eca1a12878be56927b2e187af8a1a210ca273836f35d264788","6016161","1639418489","2021-12-13 18:01:29","0x7fba3fd5bf95a5a1c4ce7b691f64d94ea89287fd","0x1290a0875523e60fd555a5c4bf46eb046a2aee77","150","Transfer"
"0x7c7030fc05d9de4204ecff19f054474dce3c2e9077dcc3a580994076d42d3eab","6016275","1639420200","2021-12-13 18:30:00","0x7fba3fd5bf95a5a1c4ce7b691f64d94ea89287fd","0x1290a0875523e60fd555a5c4bf46eb046a2aee77","150","Transfer"
